Y1,Y2,Y3,Y4,Y5,Y6,Y7,Y8,2008,2009,2010,2011,2012,2013,2014,2015,Y17,Y18,Y19,Y20,Y21,Y22,Site,Sex.Letter,Sex,Age
,,,,,,,,1,0,0,0,0,0,0,0,,,,,,,AWV,M,1,AHY
,,,,,,,,1,0,0,0,0,0,0,0,,,,,,,AWV,M,1,ASY
,,,,,,,,1,1,0,0,0,0,0,0,,,,,,,AWV,M,1,ASY
,,,,,,,,1,1,1,1,0,0,0,0,,,,,,,AWV,M,1,SY
,,,,,,,,1,0,0,0,0,0,0,0,,,,,,,AWV,M,1,ASY
,,,,,,,,1,0,0,0,0,0,0,0,,,,,,,AWV,M,1,ASY
,,,,,,,,1,1,0,0,0,0,0,0,,,,,,,AWV,F,2,ASY
,,,,,,,,1,1,1,0,0,0,0,0,,,,,,,AWV,M,1,SY
,,,,,,,,1,1,1,1,0,0,0,0,,,,,,,AWV,M,1,ASY
,,,,,,,,1,1,1,0,0,0,0,0,,,,,,,AWV,M,1,SY
,,,,,,,,1,1,0,0,0,0,0,0,,,,,,,AWV,F,2,ASY
,,,,,,,,1,1,1,0,1,0,0,0,,,,,,,AWV,F,2,SY
,,,,,,,,1,1,1,0,0,0,0,0,,,,,,,AWV,M,1,ASY
,,,,,,,,1,1,0,0,0,0,0,0,,,,,,,AWV,F,2,ASY
,,,,,,,,1,1,1,0,0,0,0,0,,,,,,,AWV,F,2,ASY
,,,,,,,,1,0,0,0,0,0,0,0,,,,,,,AWV,M,1,ASY
,,,,,,,,0,1,0,0,0,0,0,0,,,,,,,AWV,M,1,ASY
,,,,,,,,0,1,0,1,0,0,0,0,,,,,,,AWV,M,1,ASY
,,,,,,,,0,1,0,0,0,0,0,0,,,,,,,AWV,M,1,ASY
,,,,,,,,0,1,1,0,0,0,0,0,,,,,,,AWV,F,2,ASY
,,,,,,,,0,1,0,0,0,0,0,0,,,,,,,AWV,M,1,SY
,,,,,,,,0,1,0,0,0,0,0,0,,,,,,,AWV,M,1,ASY
,,,,,,,,0,1,0,1,0,0,0,0,,,,,,,AWV,M,1,ASY
,,,,,,,,0,1,1,0,0,0,0,0,,,,,,,AWV,M,1,SY
,,,,,,,,0,1,1,0,0,0,0,0,,,,,,,AWV,M,1,ASY
,,,,,,,,0,1,1,0,0,0,0,0,,,,,,,AWV,M,1,ASY
,,,,,,,,0,1,0,0,0,0,0,0,,,,,,,AWV,M,1,ASY
,,,,,,,,0,1,0,0,0,0,0,0,,,,,,,AWV,M,1,SY
,,,,,,,,0,1,0,1,1,1,0,0,,,,,,,AWV,M,1,SY
,,,,,,,,0,1,1,0,0,0,0,0,,,,,,,AWV,M,1,SY
,,,,,,,,0,1,1,0,0,0,0,0,,,,,,,AWV,M,1,ASY
,,,,,,,,0,1,0,0,0,0,0,0,,,,,,,AWV,M,1,SY
,,,,,,,,0,1,0,0,0,0,0,0,,,,,,,AWV,M,1,ASY
,,,,,,,,0,1,1,1,0,0,0,0,,,,,,,AWV,M,1,ASY
,,,,,,,,0,1,1,1,0,0,0,0,,,,,,,AWV,M,1,ASY
,,,,,,,,0,1,1,1,1,0,0,0,,,,,,,AWV,M,1,ASY
,,,,,,,,0,1,0,0,0,0,0,0,,,,,,,AWV,M,1,ASY
,,,,,,,,0,1,1,1,1,0,0,0,,,,,,,AWV,M,1,ASY
,,,,,,,,0,1,1,0,0,0,0,0,,,,,,,AWV,M,1,ASY
,,,,,,,,0,1,0,0,0,0,0,0,,,,,,,AWV,F,2,ASY
,,,,,,,,0,1,1,1,0,0,0,0,,,,,,,AWV,F,2,ASY
,,,,,,,,0,1,0,0,0,0,0,0,,,,,,,AWV,F,2,ASY
,,,,,,,,0,1,0,0,0,0,0,0,,,,,,,AWV,M,1,ASY
,,,,,,,,0,1,0,1,0,0,0,0,,,,,,,AWV,F,2,SY
,,,,,,,,0,0,1,1,0,0,0,0,,,,,,,AWV,M,1,ASY
,,,,,,,,0,0,1,0,0,0,0,0,,,,,,,AWV,M,1,SY
,,,,,,,,0,0,1,1,1,0,1,0,,,,,,,AWV,M,1,ASY
,,,,,,,,0,0,1,1,0,0,0,0,,,,,,,AWV,F,2,ASY
,,,,,,,,0,0,1,0,0,0,0,0,,,,,,,AWV,M,1,SY
,,,,,,,,0,0,1,1,1,0,0,0,,,,,,,AWV,M,1,SY
,,,,,,,,0,0,1,1,0,0,0,0,,,,,,,AWV,M,1,ASY
,,,,,,,,0,0,1,1,0,0,0,0,,,,,,,AWV,M,1,ASY
,,,,,,,,0,0,1,1,0,0,0,0,,,,,,,AWV,M,1,ASY
,,,,,,,,0,0,1,1,1,0,0,0,,,,,,,AWV,M,1,ASY
,,,,,,,,0,0,1,1,0,0,0,0,,,,,,,AWV,F,2,SY
,,,,,,,,0,0,1,1,1,1,0,0,,,,,,,AWV,M,1,ASY
,,,,,,,,0,0,1,0,0,0,0,0,,,,,,,AWV,M,1,SY
,,,,,,,,0,0,1,0,0,0,0,0,,,,,,,AWV,F,2,AHY
,,,,,,,,0,0,1,1,1,0,0,0,,,,,,,AWV,M,1,ASY
,,,,,,,,0,0,1,1,0,0,0,0,,,,,,,AWV,M,1,ASY
,,,,,,,,0,0,1,0,0,0,0,0,,,,,,,AWV,M,1,ASY
,,,,,,,,0,0,1,1,0,0,0,0,,,,,,,AWV,M,1,SY
,,,,,,,,0,0,1,0,0,0,0,0,,,,,,,AWV,M,1,AHY
,,,,,,,,0,0,1,0,0,0,0,0,,,,,,,AWV,F,2,ASY
,,,,,,,,0,0,1,0,0,0,0,0,,,,,,,AWV,F,2,ASY
,,,,,,,,0,0,1,0,0,0,0,0,,,,,,,AWV,F,2,SY
,,,,,,,,0,0,1,0,0,0,0,0,,,,,,,AWV,F,2,SY
,,,,,,,,0,0,1,0,1,0,0,0,,,,,,,AWV,F,2,ASY
,,,,,,,,0,0,1,1,0,0,0,0,,,,,,,AWV,F,2,SY
,,,,,,,,0,0,1,0,0,0,0,0,,,,,,,AWV,F,2,ASY
,,,,,,,,0,0,1,0,0,0,0,0,,,,,,,AWV,F,2,AHY
,,,,,,,,0,0,0,1,0,0,0,0,,,,,,,AWV,M,1,ASY
,,,,,,,,0,0,0,1,0,0,0,0,,,,,,,AWV,M,1,ASY
,,,,,,,,0,0,0,1,0,0,0,0,,,,,,,AWV,M,1,ASY
,,,,,,,,0,0,0,1,1,1,0,0,,,,,,,AWV,M,1,SY
,,,,,,,,0,0,0,1,0,0,0,0,,,,,,,AWV,M,1,SY
,,,,,,,,0,0,0,1,0,0,0,0,,,,,,,AWV,M,1,SY
,,,,,,,,0,0,0,1,0,0,0,0,,,,,,,AWV,M,1,SY
,,,,,,,,0,0,0,1,1,1,1,0,,,,,,,AWV,M,1,SY
,,,,,,,,0,0,0,1,0,0,0,0,,,,,,,AWV,M,1,SY
,,,,,,,,0,0,0,1,1,0,0,0,,,,,,,AWV,M,1,SY
,,,,,,,,0,0,0,1,0,0,0,0,,,,,,,AWV,M,1,ASY
,,,,,,,,0,0,0,1,0,0,0,0,,,,,,,AWV,M,1,ASY
,,,,,,,,0,0,0,1,1,1,1,0,,,,,,,AWV,M,1,SY
,,,,,,,,0,0,0,1,0,0,0,0,,,,,,,AWV,F,2,ASY
,,,,,,,,0,0,0,1,0,0,0,0,,,,,,,AWV,M,1,ASY
,,,,,,,,0,0,0,1,0,0,0,0,,,,,,,AWV,F,2,ASY
,,,,,,,,0,0,0,1,1,1,0,0,,,,,,,AWV,F,2,ASY
,,,,,,,,0,0,0,1,1,0,0,0,,,,,,,AWV,F,2,ASY
,,,,,,,,0,0,0,1,0,0,0,0,,,,,,,AWV,F,2,SY
,,,,,,,,0,0,0,1,0,0,0,0,,,,,,,AWV,F,2,ASY
,,,,,,,,0,0,0,1,1,1,0,0,,,,,,,AWV,M,1,SY
,,,,,,,,0,0,0,1,1,1,1,0,,,,,,,AWV,F,2,ASY
,,,,,,,,0,0,0,0,1,1,0,0,,,,,,,AWV,M,1,ASY
,,,,,,,,0,0,0,0,1,0,0,0,,,,,,,AWV,M,1,SY
,,,,,,,,0,0,0,0,1,0,0,0,,,,,,,AWV,M,1,SY
,,,,,,,,0,0,0,0,1,1,0,0,,,,,,,AWV,M,1,SY
,,,,,,,,0,0,0,0,1,0,0,0,,,,,,,AWV,F,2,AHY
,,,,,,,,0,0,0,0,1,0,0,0,,,,,,,AWV,M,1,SY
,,,,,,,,0,0,0,0,1,0,0,0,,,,,,,AWV,M,1,SY
,,,,,,,,0,0,0,0,1,0,0,0,,,,,,,AWV,M,1,SY
,,,,,,,,0,0,0,0,1,0,0,0,,,,,,,AWV,M,1,SY
,,,,,,,,0,0,0,0,1,0,0,0,,,,,,,AWV,M,1,SY
,,,,,,,,0,0,0,0,1,0,0,0,,,,,,,AWV,M,1,SY
,,,,,,,,0,0,0,0,1,0,0,0,,,,,,,AWV,M,1,ASY
,,,,,,,,0,0,0,0,1,1,0,0,,,,,,,AWV,M,1,SY
,,,,,,,,0,0,0,0,1,0,0,0,,,,,,,AWV,M,1,SY
,,,,,,,,0,0,0,0,1,0,0,0,,,,,,,AWV,M,1,ASY
,,,,,,,,0,0,0,0,1,0,0,0,,,,,,,AWV,M,1,SY
,,,,,,,,0,0,0,0,1,0,0,0,,,,,,,AWV,M,1,SY
,,,,,,,,0,0,0,0,1,1,0,0,,,,,,,AWV,F,2,ASY
,,,,,,,,0,0,0,0,1,0,0,0,,,,,,,AWV,M,1,ASY
,,,,,,,,0,0,0,0,1,0,0,0,,,,,,,AWV,F,2,ASY
,,,,,,,,0,0,0,0,1,0,0,0,,,,,,,AWV,F,2,ASY
,,,,,,,,0,0,0,0,1,0,0,0,,,,,,,AWV,F,2,SY
,,,,,,,,0,0,0,0,1,0,1,0,,,,,,,AWV,F,2,SY
,,,,,,,,0,0,0,0,1,0,0,0,,,,,,,AWV,F,2,SY
,,,,,,,,0,0,0,0,1,1,1,0,,,,,,,AWV,F,2,SY
,,,,,,,,0,0,0,0,0,1,0,0,,,,,,,AWV,M,1,ASY
,,,,,,,,0,0,0,0,0,1,0,0,,,,,,,AWV,M,1,ASY
,,,,,,,,0,0,0,0,0,1,1,0,,,,,,,AWV,M,1,ASY
,,,,,,,,0,0,0,0,0,1,0,0,,,,,,,AWV,M,1,ASY
,,,,,,,,0,0,0,0,0,1,0,0,,,,,,,AWV,M,1,SY
,,,,,,,,0,0,0,0,0,1,1,1,,,,,,,AWV,M,1,SY
,,,,,,,,0,0,0,0,0,1,0,0,,,,,,,AWV,M,1,ASY
,,,,,,,,0,0,0,0,0,1,1,0,,,,,,,AWV,M,1,ASY
,,,,,,,,0,0,0,0,0,1,1,0,,,,,,,AWV,F,2,SY
,,,,,,,,0,0,0,0,0,1,1,0,,,,,,,AWV,M,1,ASY
,,,,,,,,0,0,0,0,0,1,0,0,,,,,,,AWV,F,2,ASY
,,,,,,,,0,0,0,0,0,1,0,0,,,,,,,AWV,M,1,SY
,,,,,,,,0,0,0,0,0,1,1,1,,,,,,,AWV,M,1,SY
,,,,,,,,0,0,0,0,0,1,0,0,,,,,,,AWV,M,1,SY
,,,,,,,,0,0,0,0,0,1,1,1,,,,,,,AWV,M,1,SY
,,,,,,,,0,0,0,0,0,1,1,1,,,,,,,AWV,M,1,SY
,,,,,,,,0,0,0,0,0,1,0,0,,,,,,,AWV,F,2,ASY
,,,,,,,,0,0,0,0,0,1,1,0,,,,,,,AWV,M,1,ASY
,,,,,,,,0,0,0,0,0,1,1,0,,,,,,,AWV,M,1,ASY
,,,,,,,,0,0,0,0,0,1,0,0,,,,,,,AWV,F,2,ASY
,,,,,,,,0,0,0,0,0,1,1,0,,,,,,,AWV,F,2,ASY
,,,,,,,,0,0,0,0,0,1,0,0,,,,,,,AWV,F,2,ASY
,,,,,,,,0,0,0,0,0,1,0,0,,,,,,,AWV,M,1,ASY
,,,,,,,,0,0,0,0,0,1,0,0,,,,,,,AWV,M,1,SY
,,,,,,,,0,0,0,0,0,1,0,0,,,,,,,AWV,F,2,SY
,,,,,,,,0,0,0,0,0,1,1,0,,,,,,,AWV,F,2,SY
,,,,,,,,0,0,0,0,0,1,0,0,,,,,,,AWV,F,2,ASY
,,,,,,,,0,0,0,0,0,1,0,0,,,,,,,AWV,F,2,ASY
,,,,,,,,0,0,0,0,0,1,0,0,,,,,,,AWV,M,1,ASY
,,,,,,,,0,0,0,0,0,0,1,0,,,,,,,AWV,M,1,ASY
,,,,,,,,0,0,0,0,0,0,1,0,,,,,,,AWV,M,1,ASY
,,,,,,,,0,0,0,0,0,0,1,0,,,,,,,AWV,M,1,ASY
,,,,,,,,0,0,0,0,0,1,1,0,,,,,,,AWV,M,1,ASY
,,,,,,,,0,0,0,0,0,0,1,0,,,,,,,AWV,M,1,SY
,,,,,,,,0,0,0,0,0,0,1,0,,,,,,,AWV,M,1,ASY
,,,,,,,,0,0,0,0,0,0,1,0,,,,,,,AWV,M,1,AHY
,,,,,,,,0,0,0,0,0,0,1,0,,,,,,,AWV,M,1,ASY
,,,,,,,,0,0,0,0,0,0,1,0,,,,,,,AWV,M,1,SY
,,,,,,,,0,0,0,0,0,0,1,1,,,,,,,AWV,M,1,SY
,,,,,,,,0,0,0,0,0,0,1,0,,,,,,,AWV,M,1,ASY
,,,,,,,,0,0,0,0,0,0,1,0,,,,,,,AWV,M,1,ASY
,,,,,,,,0,0,0,0,0,0,1,1,,,,,,,AWV,M,1,SY
,,,,,,,,0,0,0,0,0,0,1,0,,,,,,,AWV,M,1,SY
,,,,,,,,0,0,0,0,0,0,1,0,,,,,,,AWV,M,1,ASY
,,,,,,,,0,0,0,0,0,0,1,0,,,,,,,AWV,F,2,ASY
,,,,,,,,0,0,0,0,0,0,1,0,,,,,,,AWV,M,1,ASY
,,,,,,,,0,0,0,0,0,0,1,1,,,,,,,AWV,M,1,ASY
,,,,,,,,0,0,0,0,0,0,1,0,,,,,,,AWV,M,1,SY
,,,,,,,,0,0,0,0,0,0,1,0,,,,,,,AWV,M,1,ASY
,,,,,,,,0,0,0,0,0,0,1,1,,,,,,,AWV,M,1,SY
,,,,,,,,0,0,0,0,0,0,1,1,,,,,,,AWV,M,1,SY
,,,,,,,,0,0,0,0,0,0,1,0,,,,,,,AWV,F,2,ASY
,,,,,,,,0,0,0,0,0,0,1,0,,,,,,,AWV,F,2,ASY
,,,,,,,,0,0,0,0,0,0,1,0,,,,,,,AWV,M,1,SY
,,,,,,,,0,0,0,0,0,0,1,0,,,,,,,AWV,M,1,SY
,,,,,,,,0,0,0,0,0,0,1,0,,,,,,,AWV,F,2,SY
,,,,,,,,0,0,0,0,0,0,1,0,,,,,,,AWV,F,2,ASY
,,,,,,,,0,0,0,0,0,0,1,0,,,,,,,AWV,F,2,ASY
,,,,,,,,0,0,0,0,0,0,1,0,,,,,,,AWV,F,2,ASY
,,,,,,,,0,0,0,0,0,0,0,1,,,,,,,AWV,M,1,SY
,,,,,,,,0,0,0,0,0,0,0,1,,,,,,,AWV,M,1,SY
,,,,,,,,0,0,0,0,0,0,0,1,,,,,,,AWV,M,1,SY
,,,,,,,,0,0,0,0,0,0,0,1,,,,,,,AWV,F,2,ASY
,,,,,,,,0,0,0,0,0,0,0,1,,,,,,,AWV,M,1,SY
,,,,,,,,0,0,0,0,0,0,0,1,,,,,,,AWV,M,1,SY
,,,,,,,,0,0,0,0,0,0,0,1,,,,,,,AWV,M,1,SY
,,,,,,,,0,0,0,0,0,0,0,1,,,,,,,AWV,M,1,SY
,,,,,,,,0,0,0,0,0,0,0,1,,,,,,,AWV,M,1,SY
,,,,,,,,0,0,0,0,0,0,0,1,,,,,,,AWV,M,1,SY
,,,,,,,,0,0,0,0,0,0,0,1,,,,,,,AWV,M,1,SY
,,1,1,0,0,0,,0,0,0,,,,,,,,,,,,CNY,M,1,AHY
,,1,0,0,0,0,,0,0,0,,,,,,,,,,,,CNY,F,2,AHY
,,1,0,0,0,0,,0,0,0,,,,,,,,,,,,CNY,F,2,AHY
,,1,0,0,0,0,,0,0,0,,,,,,,,,,,,CNY,M,1,AHY
,,1,0,0,0,0,,0,0,0,,,,,,,,,,,,CNY,M,1,AHY
,,1,0,1,0,0,,0,0,0,,,,,,,,,,,,CNY,F,2,AHY
,,1,0,0,0,0,,0,0,0,,,,,,,,,,,,CNY,M,1,AHY
,,1,0,0,0,0,,0,0,0,,,,,,,,,,,,CNY,M,1,AHY
,,1,0,0,0,0,,0,0,0,,,,,,,,,,,,CNY,M,1,AHY
,,1,1,1,1,1,,0,0,0,,,,,,,,,,,,CNY,M,1,AHY
,,1,1,1,0,1,,0,0,0,,,,,,,,,,,,CNY,M,1,AHY
,,0,1,1,0,0,,0,0,0,,,,,,,,,,,,CNY,M,1,AHY
,,0,1,1,0,1,,0,0,0,,,,,,,,,,,,CNY,M,1,AHY
,,0,1,0,1,0,,0,0,0,,,,,,,,,,,,CNY,M,1,AHY
,,0,1,0,0,0,,0,0,0,,,,,,,,,,,,CNY,F,2,AHY
,,0,1,0,0,0,,0,0,0,,,,,,,,,,,,CNY,M,1,AHY
,,0,1,0,0,0,,0,0,0,,,,,,,,,,,,CNY,F,2,AHY
,,0,1,0,0,0,,0,0,0,,,,,,,,,,,,CNY,M,1,AHY
,,0,1,0,0,0,,0,0,0,,,,,,,,,,,,CNY,F,2,AHY
,,0,1,0,1,0,,0,0,0,,,,,,,,,,,,CNY,M,1,AHY
,,0,1,0,0,0,,0,0,0,,,,,,,,,,,,CNY,F,2,AHY
,,0,1,0,0,0,,0,0,0,,,,,,,,,,,,CNY,M,1,AHY
,,0,1,0,0,0,,0,0,0,,,,,,,,,,,,CNY,F,2,AHY
,,0,1,0,0,0,,0,0,0,,,,,,,,,,,,CNY,M,1,AHY
,,0,1,0,0,0,,0,0,0,,,,,,,,,,,,CNY,F,2,AHY
,,0,1,1,0,0,,0,0,0,,,,,,,,,,,,CNY,M,1,AHY
,,0,1,0,0,0,,0,0,0,,,,,,,,,,,,CNY,F,2,AHY
,,0,1,0,0,0,,0,0,0,,,,,,,,,,,,CNY,M,1,AHY
,,0,1,1,0,0,,0,0,0,,,,,,,,,,,,CNY,M,1,AHY
,,0,0,1,0,0,,0,0,0,,,,,,,,,,,,CNY,M,1,AHY
,,0,0,1,0,0,,0,0,0,,,,,,,,,,,,CNY,F,2,AHY
,,0,0,1,1,0,,0,0,0,,,,,,,,,,,,CNY,M,1,AHY
,,0,0,1,1,1,,1,1,1,,,,,,,,,,,,CNY,M,1,AHY
,,0,0,1,0,0,,0,0,0,,,,,,,,,,,,CNY,M,1,AHY
,,0,0,1,0,0,,0,0,0,,,,,,,,,,,,CNY,F,2,AHY
,,0,0,1,0,0,,0,0,0,,,,,,,,,,,,CNY,M,1,AHY
,,0,0,1,0,1,,0,0,0,,,,,,,,,,,,CNY,F,2,AHY
,,0,0,1,0,0,,0,0,0,,,,,,,,,,,,CNY,M,1,AHY
,,0,0,1,0,0,,0,0,0,,,,,,,,,,,,CNY,F,2,AHY
,,0,0,1,0,0,,0,0,0,,,,,,,,,,,,CNY,M,1,AHY
,,0,0,1,0,0,,0,0,0,,,,,,,,,,,,CNY,M,1,AHY
,,0,0,1,0,0,,0,0,0,,,,,,,,,,,,CNY,F,2,AHY
,,0,0,1,0,0,,0,0,0,,,,,,,,,,,,CNY,M,1,AHY
,,0,0,0,1,0,,0,0,0,,,,,,,,,,,,CNY,F,2,AHY
,,0,0,0,1,1,,0,0,0,,,,,,,,,,,,CNY,M,1,AHY
,,0,0,0,1,0,,0,0,1,,,,,,,,,,,,CNY,F,2,AHY
,,0,0,0,1,0,,0,0,0,,,,,,,,,,,,CNY,M,1,AHY
,,0,0,0,1,0,,0,0,0,,,,,,,,,,,,CNY,F,2,AHY
,,0,0,0,1,0,,0,0,0,,,,,,,,,,,,CNY,F,2,AHY
,,0,0,0,1,0,,0,0,0,,,,,,,,,,,,CNY,M,1,AHY
,,0,0,0,1,0,,0,0,1,,,,,,,,,,,,CNY,F,2,AHY
,,0,0,0,1,1,,0,0,0,,,,,,,,,,,,CNY,M,1,AHY
,,0,0,0,1,0,,0,0,0,,,,,,,,,,,,CNY,M,1,AHY
,,0,0,0,1,0,,0,0,0,,,,,,,,,,,,CNY,F,2,AHY
,,0,0,0,1,1,,0,0,0,,,,,,,,,,,,CNY,M,1,AHY
,,0,0,0,1,0,,0,0,0,,,,,,,,,,,,CNY,M,1,AHY
,,0,0,0,1,0,,0,0,0,,,,,,,,,,,,CNY,M,1,AHY
,,0,0,0,1,0,,0,0,0,,,,,,,,,,,,CNY,M,1,AHY
,,0,0,0,0,1,,0,0,0,,,,,,,,,,,,CNY,F,2,AHY
,,0,0,0,0,1,,1,0,0,,,,,,,,,,,,CNY,M,1,AHY
,,0,0,0,0,1,,0,0,0,,,,,,,,,,,,CNY,M,1,AHY
,,0,0,0,0,1,,0,0,1,,,,,,,,,,,,CNY,F,2,AHY
,,0,0,0,0,1,,0,0,0,,,,,,,,,,,,CNY,M,1,AHY
,,0,0,0,0,1,,0,0,0,,,,,,,,,,,,CNY,M,1,AHY
,,0,0,0,0,1,,0,0,0,,,,,,,,,,,,CNY,F,2,AHY
,,0,0,0,0,1,,1,0,0,,,,,,,,,,,,CNY,M,1,AHY
,,0,0,0,0,1,,0,0,0,,,,,,,,,,,,CNY,M,1,AHY
,,0,0,0,0,1,,0,1,0,,,,,,,,,,,,CNY,M,1,AHY
,,0,0,0,0,1,,0,0,0,,,,,,,,,,,,CNY,M,1,AHY
,,0,0,0,0,1,,0,0,0,,,,,,,,,,,,CNY,M,1,AHY
,,0,0,0,0,1,,0,1,0,,,,,,,,,,,,CNY,M,1,AHY
,,0,0,0,0,1,,1,1,1,,,,,,,,,,,,CNY,M,1,AHY
,,0,0,0,0,1,,0,0,0,,,,,,,,,,,,CNY,F,2,AHY
,,0,0,0,0,1,,0,0,0,,,,,,,,,,,,CNY,M,1,AHY
,,0,0,0,0,1,,0,0,0,,,,,,,,,,,,CNY,M,1,AHY
,,0,0,0,0,1,,0,0,0,,,,,,,,,,,,CNY,F,2,AHY
,,0,0,0,0,1,,0,0,0,,,,,,,,,,,,CNY,M,1,AHY
,,0,0,0,0,1,,0,0,0,,,,,,,,,,,,CNY,M,1,AHY
,,0,0,0,0,1,,0,0,0,,,,,,,,,,,,CNY,M,1,AHY
,,0,0,0,0,1,,0,0,0,,,,,,,,,,,,CNY,M,1,AHY
,,0,0,0,0,1,,0,0,0,,,,,,,,,,,,CNY,M,1,AHY
,,0,0,0,0,1,,0,0,0,,,,,,,,,,,,CNY,M,1,AHY
,,0,0,0,0,1,,0,0,0,,,,,,,,,,,,CNY,F,2,AHY
,,0,0,0,0,1,,0,0,0,,,,,,,,,,,,CNY,M,1,AHY
,,0,0,0,0,1,,0,0,0,,,,,,,,,,,,CNY,M,1,AHY
,,0,0,0,0,1,,0,0,0,,,,,,,,,,,,CNY,M,1,AHY
,,0,0,0,0,1,,0,0,0,,,,,,,,,,,,CNY,M,1,AHY
,,0,0,0,0,1,,0,0,0,,,,,,,,,,,,CNY,M,1,AHY
,,0,0,0,0,1,,0,0,0,,,,,,,,,,,,CNY,M,1,AHY
,,0,0,0,0,0,,1,1,1,,,,,,,,,,,,CNY,M,1,AHY
,,0,0,0,0,0,,1,1,1,,,,,,,,,,,,CNY,M,1,AHY
,,0,0,0,0,0,,1,1,1,,,,,,,,,,,,CNY,M,1,AHY
,,0,0,0,0,0,,1,0,0,,,,,,,,,,,,CNY,F,2,AHY
,,0,0,0,0,0,,1,0,0,,,,,,,,,,,,CNY,M,1,AHY
,,0,0,0,0,0,,1,1,0,,,,,,,,,,,,CNY,F,2,AHY
,,0,0,0,0,0,,1,1,0,,,,,,,,,,,,CNY,M,1,AHY
,,0,0,0,0,0,,1,1,0,,,,,,,,,,,,CNY,F,2,AHY
,,0,0,0,0,0,,1,0,0,,,,,,,,,,,,CNY,F,2,AHY
,,0,0,0,0,0,,1,0,0,,,,,,,,,,,,CNY,F,2,AHY
,,0,0,0,0,0,,1,1,0,,,,,,,,,,,,CNY,F,2,AHY
,,0,0,0,0,0,,0,1,1,,,,,,,,,,,,CNY,M,1,AHY
,,0,0,0,0,0,,0,1,0,,,,,,,,,,,,CNY,M,1,AHY
,,0,0,0,0,0,,0,1,1,,,,,,,,,,,,CNY,F,2,AHY
,,0,0,0,0,0,,0,1,0,,,,,,,,,,,,CNY,F,2,AHY
,,0,0,0,0,0,,0,1,1,,,,,,,,,,,,CNY,M,1,AHY
,,0,0,0,0,0,,0,1,1,,,,,,,,,,,,CNY,M,1,AHY
,,0,0,0,0,0,,0,1,1,,,,,,,,,,,,CNY,M,1,AHY
,,0,0,0,0,0,,0,1,1,,,,,,,,,,,,CNY,M,1,AHY
,,0,0,0,0,0,,0,1,0,,,,,,,,,,,,CNY,F,2,AHY
,,0,0,0,0,0,,0,1,0,,,,,,,,,,,,CNY,M,1,AHY
,,0,0,0,0,0,,0,1,1,,,,,,,,,,,,CNY,M,1,AHY
,,0,0,0,0,0,,0,1,1,,,,,,,,,,,,CNY,M,1,AHY
,,0,0,0,0,0,,0,1,0,,,,,,,,,,,,CNY,M,1,AHY
,,0,0,0,0,0,,0,1,0,,,,,,,,,,,,CNY,F,2,AHY
,,0,0,0,0,0,,0,1,1,,,,,,,,,,,,CNY,F,2,AHY
,,0,0,0,0,0,,0,1,1,,,,,,,,,,,,CNY,F,2,AHY
,,0,0,0,0,0,,0,1,0,,,,,,,,,,,,CNY,F,2,AHY
,,0,0,0,0,0,,0,1,0,,,,,,,,,,,,CNY,F,2,AHY
,,0,0,0,0,0,,0,1,0,,,,,,,,,,,,CNY,F,2,AHY
,,0,0,0,0,0,,0,1,0,,,,,,,,,,,,CNY,F,2,AHY
,,0,0,0,0,0,,0,1,1,,,,,,,,,,,,CNY,F,2,AHY
,,0,0,0,0,0,,0,1,0,,,,,,,,,,,,CNY,M,1,AHY
,,0,0,0,0,0,,0,1,0,,,,,,,,,,,,CNY,M,1,AHY
,,0,0,0,0,0,,0,1,0,,,,,,,,,,,,CNY,M,1,AHY
,,0,0,0,0,0,,0,1,0,,,,,,,,,,,,CNY,M,1,AHY
,,0,0,0,0,0,,0,1,0,,,,,,,,,,,,CNY,F,2,AHY
,,0,0,0,0,0,,0,1,0,,,,,,,,,,,,CNY,M,1,AHY
,,0,0,0,0,0,,0,1,0,,,,,,,,,,,,CNY,M,1,AHY
,,0,0,0,0,0,,0,1,1,,,,,,,,,,,,CNY,M,1,AHY
,,0,0,0,0,0,,0,1,0,,,,,,,,,,,,CNY,M,1,AHY
,,,,,,,,,,,,,,,,1,0,0,0,,,KNC,M,1,ASY
,,,,,,,,,,,,,,,,1,0,0,0,,0,KNC,M,1,ASY
,,,,,,,,,,,,,,,,1,0,0,0,,0,KNC,M,1,SY
,,,,,,,,,,,,,,,,1,0,0,0,,0,KNC,F,2,SY
,,,,,,,,,,,,,,,,1,0,0,0,,0,KNC,M,1,ASY
,,,,,,,,,,,,,,,,1,0,0,0,0,0,KNC,M,1,ASY
,,,,,,,,,,,,,,,,0,1,1,0,0,0,KNC,M,1,ASY
,,,,,,,,,,,,,,,,0,1,0,0,,0,KNC,M,1,ASY
,,,,,,,,,,,,,,,,0,1,1,0,,0,KNC,M,1,ASY
,,,,,,,,,,,,,,,,0,1,0,0,,0,KNC,M,1,ASY
,,,,,,,,,,,,,,,,0,1,0,0,0,0,KNC,M,1,ASY
,,,,,,,,,,,,,,,,0,1,0,0,0,0,KNC,M,1,SY
,,,,,,,,,,,,,,,,0,1,0,0,0,0,KNC,M,1,ASY
,,,,,,,,,,,,,,,,0,0,1,1,0,0,KNC,M,1,ASY
,,,,,,,,,,,,,,,,0,0,1,0,0,0,KNC,M,1,SY
,,,,,,,,,,,,,,,,0,0,1,0,0,0,KNC,M,1,SY
,,,,,,,,,,,,,,,,0,0,1,0,0,0,KNC,M,1,ASY
,,,,,,,,,,,,,,,,0,0,1,0,,0,KNC,M,1,SY
,,,,,,,,,,,,,,,,0,0,1,0,0,0,KNC,M,1,SY
,,,,,,,,,,,,,,,,0,0,1,1,1,0,KNC,M,1,SY
,,,,,,,,,,,,,,,,0,0,1,1,0,0,KNC,M,1,SY
,,,,,,,,,,,,,,,,0,0,0,1,0,0,KNC,M,1,ASY
,,,,,,,,,,,,,,,,0,0,0,1,1,0,KNC,M,1,SY
,,,,,,,,,,,,,,,,0,0,0,1,0,0,KNC,M,1,AHY
,,,,,,,,,,,,,,,,0,0,0,1,0,0,KNC,M,1,SY
,,,,,,,,,,,,,,,,0,0,0,1,1,0,KNC,M,1,ASY
,,,,,,,,,,,,,,,,0,0,0,1,0,0,KNC,M,1,SY
,,,,,,,,,,,,,,,,0,0,0,1,0,0,KNC,M,1,SY
,,,,,,,,,,,,,,,,0,0,0,0,0,1,KNC,M,1,SY
,,,,,,,,,,,,,,,,0,0,0,0,0,1,KNC,M,1,AHY
,,,,,,,,,,,,,,,,0,0,0,0,0,1,KNC,M,1,ASY
,,,,,,,,,,,,,,,,0,0,0,0,0,1,KNC,F,2,AHY
,,,,,,,,,,,,,,,,0,0,0,0,0,1,KNC,F,2,ASY
,,,,,,,,,,,,,,,,0,0,0,0,0,1,KNC,M,1,SY
,,,,,,,,,,,,,,,,0,0,0,0,0,1,KNC,M,1,AHY
,,,,,,,,,,,,,,,,0,0,0,0,0,1,KNC,M,1,ASY
,,,,,,,,,,,,1,1,0,0,,,,,,,PAE,M,1,ASY
,,,,,,,,,,,,1,1,1,1,,,,,,,PAE,M,1,ASY
,,,,,,,,,,,,1,0,0,0,,,,,,,PAE,M,1,SY
,,,,,,,,,,,,1,0,1,1,,,,,,,PAE,M,1,ASY
,,,,,,,,,,,,1,1,1,0,,,,,,,PAE,M,1,SY
,,,,,,,,,,,,1,1,1,1,,,,,,,PAE,M,1,SY
,,,,,,,,,,,,1,0,0,0,,,,,,,PAE,M,1,SY
,,,,,,,,,,,,1,0,0,0,,,,,,,PAE,M,1,SY
,,,,,,,,,,,,1,0,0,0,,,,,,,PAE,M,1,ASY
,,,,,,,,,,,,1,0,0,0,,,,,,,PAE,M,1,AHY
,,,,,,,,,,,,1,0,0,0,,,,,,,PAE,M,1,SY
,,,,,,,,,,,,1,0,0,0,,,,,,,PAE,M,1,ASY
,,,,,,,,,,,,1,0,0,0,,,,,,,PAE,M,1,ASY
,,,,,,,,,,,,1,1,0,0,,,,,,,PAE,M,1,ASY
,,,,,,,,,,,,1,0,0,0,,,,,,,PAE,M,1,SY
,,,,,,,,,,,,1,1,0,0,,,,,,,PAE,M,1,ASY
,,,,,,,,,,,,1,1,0,0,,,,,,,PAE,M,1,AHY
,,,,,,,,,,,,1,0,0,0,,,,,,,PAE,M,1,ASY
,,,,,,,,,,,,1,0,0,0,,,,,,,PAE,M,1,SY
,,,,,,,,,,,,1,0,0,0,,,,,,,PAE,M,1,ASY
,,,,,,,,,,,,1,0,0,0,,,,,,,PAE,M,1,SY
,,,,,,,,,,,,1,1,1,0,,,,,,,PAE,M,1,SY
,,,,,,,,,,,,1,0,0,0,,,,,,,PAE,M,1,SY
,,,,,,,,,,,,1,0,0,0,,,,,,,PAE,M,1,ASY
,,,,,,,,,,,,1,0,0,0,,,,,,,PAE,M,1,ASY
,,,,,,,,,,,,1,0,0,0,,,,,,,PAE,M,1,SY
,,,,,,,,,,,,1,1,0,0,,,,,,,PAE,M,1,SY
,,,,,,,,,,,,1,0,0,0,,,,,,,PAE,M,1,SY
,,,,,,,,,,,,0,1,1,1,,,,,,,PAE,M,1,ASY
,,,,,,,,,,,,0,1,0,0,,,,,,,PAE,M,1,ASY
,,,,,,,,,,,,0,1,1,0,,,,,,,PAE,M,1,ASY
,,,,,,,,,,,,0,1,1,0,,,,,,,PAE,M,1,ASY
,,,,,,,,,,,,0,1,1,0,,,,,,,PAE,M,1,SY
,,,,,,,,,,,,0,1,0,0,,,,,,,PAE,M,1,ASY
,,,,,,,,,,,,0,1,0,0,,,,,,,PAE,M,1,ASY
,,,,,,,,,,,,0,1,0,0,,,,,,,PAE,M,1,SY
,,,,,,,,,,,,0,1,0,0,,,,,,,PAE,M,1,ASY
,,,,,,,,,,,,0,1,1,1,,,,,,,PAE,M,1,ASY
,,,,,,,,,,,,0,1,1,0,,,,,,,PAE,M,1,ASY
,,,,,,,,,,,,0,1,0,0,,,,,,,PAE,M,1,ASY
,,,,,,,,,,,,0,1,0,0,,,,,,,PAE,M,1,ASY
,,,,,,,,,,,,0,1,0,0,,,,,,,PAE,M,1,ASY
,,,,,,,,,,,,0,1,0,0,,,,,,,PAE,M,1,SY
,,,,,,,,,,,,0,1,1,0,,,,,,,PAE,M,1,ASY
,,,,,,,,,,,,0,1,1,0,,,,,,,PAE,M,1,ASY
,,,,,,,,,,,,0,1,0,0,,,,,,,PAE,M,1,ASY
,,,,,,,,,,,,0,1,0,0,,,,,,,PAE,M,1,ASY
,,,,,,,,,,,,0,1,1,1,,,,,,,PAE,M,1,ASY
,,,,,,,,,,,,0,1,0,0,,,,,,,PAE,M,1,ASY
,,,,,,,,,,,,0,1,1,0,,,,,,,PAE,M,1,ASY
,,,,,,,,,,,,0,1,0,0,,,,,,,PAE,M,1,ASY
,,,,,,,,,,,,0,1,0,0,,,,,,,PAE,M,1,ASY
,,,,,,,,,,,,0,1,1,0,,,,,,,PAE,M,1,ASY
,,,,,,,,,,,,0,0,1,0,,,,,,,PAE,M,1,ASY
,,,,,,,,,,,,0,0,1,0,,,,,,,PAE,M,1,ASY
,,,,,,,,,,,,0,0,1,0,,,,,,,PAE,M,1,ASY
,,,,,,,,,,,,0,0,1,0,,,,,,,PAE,M,1,ASY
,,,,,,,,,,,,0,0,1,0,,,,,,,PAE,M,1,AHY
,,,,,,,,,,,,0,0,1,1,,,,,,,PAE,M,1,ASY
,,,,,,,,,,,,0,0,1,1,,,,,,,PAE,M,1,ASY
,,,,,,,,,,,,0,0,1,0,,,,,,,PAE,M,1,ASY
,,,,,,,,,,,,0,0,1,0,,,,,,,PAE,M,1,ASY
,,,,,,,,,,,,0,0,1,1,,,,,,,PAE,M,1,U
,,,,,,,,,,,,0,0,1,1,,,,,,,PAE,M,1,ASY
,,,,,,,,,,,,0,0,1,0,,,,,,,PAE,M,1,ASY
,,,,,,,,,,,,0,0,1,0,,,,,,,PAE,M,1,SY
,,,,,,,,,,,,0,0,1,1,,,,,,,PAE,M,1,ASY
,,,,,,,,,,,,0,0,1,0,,,,,,,PAE,M,1,SY
,,,,,,,,,,,,0,0,1,0,,,,,,,PAE,M,1,SY
,,,,,,,,,,,,0,0,1,0,,,,,,,PAE,M,1,ASY
,,,,,,,,,,,,0,0,1,0,,,,,,,PAE,M,1,ASY
,,,,,,,,,,,,0,0,1,0,,,,,,,PAE,M,1,ASY
,,,,,,,,,,,,0,0,1,0,,,,,,,PAE,M,1,ASY
,,,,,,,,,,,,0,0,1,0,,,,,,,PAE,M,1,ASY
,,,,,,,,,,,,0,0,1,0,,,,,,,PAE,M,1,ASY
,,,,,,,,,,,,0,0,1,0,,,,,,,PAE,M,1,SY
,,,,,,,,,,,,0,0,1,0,,,,,,,PAE,M,1,SY
,,,,,,,,,,,,0,0,1,0,,,,,,,PAE,M,1,ASY
,,,,,,,,,,,,0,0,1,0,,,,,,,PAE,M,1,ASY
,,,,,,,,,,,,0,0,1,0,,,,,,,PAE,M,1,SY
,,,,,,,,,,,,0,0,1,0,,,,,,,PAE,M,1,SY
,,,,,,,,,,,,0,0,1,0,,,,,,,PAE,M,1,ASY
,,,,,,,,,,,,0,0,1,0,,,,,,,PAE,M,1,ASY
,,,,,,,,,,,,0,0,1,0,,,,,,,PAE,M,1,U
,,,,,,,,,,,,0,0,1,0,,,,,,,PAE,M,1,ASY
,,,,,,,,,,,,0,0,1,0,,,,,,,PAE,M,1,U
,,,,,,,,,,,,0,0,1,0,,,,,,,PAE,M,1,U
,,,,,,,,,,,,0,0,1,1,,,,,,,PAE,M,1,ASY
,,,,,,,,,,,,0,0,1,0,,,,,,,PAE,M,1,U
,,,,,,,,,,,,0,0,1,1,,,,,,,PAE,M,1,ASY
,,,,,,,,,,,,0,0,1,0,,,,,,,PAE,M,1,SY
,,,,,,,,,,,,0,0,1,0,,,,,,,PAE,M,1,SY
,,,,,,,,,,,,0,0,1,1,,,,,,,PAE,M,1,ASY
,,,,,,,,1,1,0,0,,,,,,,,,,,PAC,M,1,U
,,,,,,,,1,1,1,1,,,,,,,,,,,PAC,M,1,U
,,,,,,,,1,0,0,0,,,,,,,,,,,PAC,M,1,U
,,,,,,,,1,1,0,0,,,,,,,,,,,PAC,M,1,U
,,,,,,,,1,1,0,1,,,,,,,,,,,PAC,M,1,U
,,,,,,,,1,0,0,0,,,,,,,,,,,PAC,M,1,U
,,,,,,,,1,0,0,0,,,,,,,,,,,PAC,M,1,U
,,,,,,,,1,0,1,0,,,,,,,,,,,PAC,M,1,U
,,,,,,,,1,1,0,0,,,,,,,,,,,PAC,M,1,U
,,,,,,,,1,1,1,1,,,,,,,,,,,PAC,M,1,U
,,,,,,,,1,0,0,0,,,,,,,,,,,PAC,M,1,U
,,,,,,,,1,0,0,0,,,,,,,,,,,PAC,M,1,U
,,,,,,,,1,0,0,1,,,,,,,,,,,PAC,M,1,U
,,,,,,,,1,1,1,0,,,,,,,,,,,PAC,M,1,U
,,,,,,,,1,0,0,0,,,,,,,,,,,PAC,M,1,U
,,,,,,,,1,0,0,0,,,,,,,,,,,PAC,M,1,U
,,,,,,,,1,0,1,1,,,,,,,,,,,PAC,M,1,U
,,,,,,,,1,1,0,0,,,,,,,,,,,PAC,M,1,U
,,,,,,,,1,0,0,0,,,,,,,,,,,PAC,M,1,U
,,,,,,,,1,0,0,0,,,,,,,,,,,PAC,M,1,U
,,,,,,,,1,0,0,0,,,,,,,,,,,PAC,M,1,U
,,,,,,,,1,1,1,1,,,,,,,,,,,PAC,M,1,U
,,,,,,,,1,1,1,1,,,,,,,,,,,PAC,M,1,U
,,,,,,,,1,1,0,0,,,,,,,,,,,PAC,M,1,U
,,,,,,,,1,1,0,0,,,,,,,,,,,PAC,M,1,U
,,,,,,,,1,0,0,0,,,,,,,,,,,PAC,M,1,U
,,,,,,,,1,0,1,0,,,,,,,,,,,PAC,F,2,U
,,,,,,,,1,0,0,0,,,,,,,,,,,PAC,M,1,U
,,,,,,,,1,0,1,1,,,,,,,,,,,PAC,M,1,U
,,,,,,,,1,1,0,0,,,,,,,,,,,PAC,M,1,U
,,,,,,,,1,0,1,0,,,,,,,,,,,PAC,M,1,U
,,,,,,,,1,1,0,0,,,,,,,,,,,PAC,F,2,U
,,,,,,,,1,0,1,0,,,,,,,,,,,PAC,M,1,U
,,,,,,,,1,1,1,0,,,,,,,,,,,PAC,M,1,U
,,,,,,,,1,0,1,0,,,,,,,,,,,PAC,M,1,U
,,,,,,,,1,1,1,1,,,,,,,,,,,PAC,M,1,U
,,,,,,,,1,0,1,0,,,,,,,,,,,PAC,M,1,U
,,,,,,,,1,1,0,0,,,,,,,,,,,PAC,F,2,U
,,,,,,,,1,0,1,0,,,,,,,,,,,PAC,M,1,U
,,,,,,,,1,1,0,0,,,,,,,,,,,PAC,M,1,U
,,,,,,,,1,1,1,1,,,,,,,,,,,PAC,M,1,U
,,,,,,,,1,1,0,0,,,,,,,,,,,PAC,M,1,U
,,,,,,,,1,1,1,0,,,,,,,,,,,PAC,M,1,U
,,,,,,,,1,1,0,0,,,,,,,,,,,PAC,M,1,U
,,,,,,,,0,1,0,0,,,,,,,,,,,PAC,M,1,U
,,,,,,,,0,1,1,0,,,,,,,,,,,PAC,M,1,U
,,,,,,,,0,1,1,0,,,,,,,,,,,PAC,M,1,U
,,,,,,,,0,1,0,0,,,,,,,,,,,PAC,M,1,U
,,,,,,,,0,1,1,0,,,,,,,,,,,PAC,M,1,U
,,,,,,,,0,1,1,0,,,,,,,,,,,PAC,M,1,U
,,,,,,,,0,1,0,0,,,,,,,,,,,PAC,M,1,U
,,,,,,,,0,1,1,1,,,,,,,,,,,PAC,M,1,U
,,,,,,,,0,1,0,0,,,,,,,,,,,PAC,M,1,U
,,,,,,,,0,1,0,0,,,,,,,,,,,PAC,M,1,U
,,,,,,,,0,1,1,0,,,,,,,,,,,PAC,M,1,U
,,,,,,,,0,1,0,0,,,,,,,,,,,PAC,M,1,U
,,,,,,,,0,1,1,1,,,,,,,,,,,PAC,M,1,U
,,,,,,,,0,1,0,0,,,,,,,,,,,PAC,M,1,U
,,,,,,,,0,1,1,1,,,,,,,,,,,PAC,M,1,U
,,,,,,,,0,1,0,0,,,,,,,,,,,PAC,M,1,U
,,,,,,,,0,1,1,0,,,,,,,,,,,PAC,M,1,U
,,,,,,,,0,1,1,1,,,,,,,,,,,PAC,M,1,U
,,,,,,,,0,1,1,0,,,,,,,,,,,PAC,M,1,U
,,,,,,,,0,1,0,0,,,,,,,,,,,PAC,M,1,U
,,,,,,,,0,1,0,1,,,,,,,,,,,PAC,M,1,U
,,,,,,,,0,1,0,0,,,,,,,,,,,PAC,M,1,U
,,,,,,,,0,1,1,1,,,,,,,,,,,PAC,M,1,U
,,,,,,,,0,1,1,0,,,,,,,,,,,PAC,M,1,U
,,,,,,,,0,1,0,1,,,,,,,,,,,PAC,M,1,U
,,,,,,,,0,1,1,0,,,,,,,,,,,PAC,M,1,U
,,,,,,,,0,0,1,0,,,,,,,,,,,PAC,M,1,U
,,,,,,,,0,0,1,0,,,,,,,,,,,PAC,M,1,U
,,,,,,,,0,0,1,1,,,,,,,,,,,PAC,M,1,U
,,,,,,,,0,0,1,1,,,,,,,,,,,PAC,M,1,U
,,,,,,,,0,0,1,0,,,,,,,,,,,PAC,M,1,U
,,,,,,,,0,0,1,0,,,,,,,,,,,PAC,M,1,U
,,,,,,,,0,0,1,0,,,,,,,,,,,PAC,M,1,U
,,,,,,,,0,0,1,1,,,,,,,,,,,PAC,M,1,U
,,,,,,,,0,0,1,1,,,,,,,,,,,PAC,M,1,U
,,,,,,,,0,0,1,0,,,,,,,,,,,PAC,M,1,U
,,,,,,,,0,0,1,0,,,,,,,,,,,PAC,M,1,U
,,,,,,,,0,0,1,0,,,,,,,,,,,PAC,M,1,U
,,,,,,,,0,0,1,0,,,,,,,,,,,PAC,M,1,U
,,,,1,1,,,,,,,,,,,,,,,,,PKY,M,1,U
,,,,1,1,,,,,,,,,,,,,,,,,PKY,M,1,U
,,,,1,1,,,,,,,,,,,,,,,,,PKY,M,1,ASY
,,,,1,1,,,,,,,,,,,,,,,,,PKY,M,1,ASY
,,,,1,0,,,,,,,,,,,,,,,,,PKY,M,1,U
,,,,1,0,,,,,,,,,,,,,,,,,PKY,M,1,ASY
,,,,1,0,,,,,,,,,,,,,,,,,PKY,M,1,ASY
,,,,1,0,,,,,,,,,,,,,,,,,PKY,M,1,ASY
,,,,1,0,,,,,,,,,,,,,,,,,PKY,M,1,ASY
,,,,1,1,,,,,,,,,,,,,,,,,PKY,M,1,ASY
,,,,1,0,,,,,,,,,,,,,,,,,PKY,M,1,SY
,,,,1,0,,,,,,,,,,,,,,,,,PKY,M,1,ASY
,,,,1,0,,,,,,,,,,,,,,,,,PKY,M,1,ASY
,,,,1,1,,,,,,,,,,,,,,,,,PKY,M,1,ASY
,,,,1,0,,,,,,,,,,,,,,,,,PKY,M,1,ASY
,,,,1,1,,,,,,,,,,,,,,,,,PKY,M,1,ASY
,,,,1,0,,,,,,,,,,,,,,,,,PKY,M,1,SY
,,,,1,0,,,,,,,,,,,,,,,,,PKY,M,1,ASY
,,,,1,0,,,,,,,,,,,,,,,,,PKY,M,1,SY
,,,,1,1,,,,,,,,,,,,,,,,,PKY,M,1,ASY
,,,,1,1,,,,,,,,,,,,,,,,,PKY,M,1,ASY
,,,,1,1,,,,,,,,,,,,,,,,,PKY,M,1,SY
,,,,1,0,,,,,,,,,,,,,,,,,PKY,M,1,ASY
,,,,1,0,,,,,,,,,,,,,,,,,PKY,M,1,ASY
,,,,1,0,,,,,,,,,,,,,,,,,PKY,M,1,ASY
,,,,1,0,,,,,,,,,,,,,,,,,PKY,M,1,ASY
,,,,1,1,,,,,,,,,,,,,,,,,PKY,M,1,ASY
,,,,1,0,,,,,,,,,,,,,,,,,PKY,F,2,ASY
,,,,1,0,,,,,,,,,,,,,,,,,PKY,M,1,ASY
,,,,0,1,,,,,,,,,,,,,,,,,PKY,M,1,SY
,,,,0,1,,,,,,,,,,,,,,,,,PKY,M,1,SY
,,,,0,1,,,,,,,,,,,,,,,,,PKY,M,1,SY
,,,,0,1,,,,,,,,,,,,,,,,,PKY,M,1,ASY
,,,,0,1,,,,,,,,,,,,,,,,,PKY,M,1,U
,,,,0,1,,,,,,,,,,,,,,,,,PKY,M,1,SY
,,,,0,1,,,,,,,,,,,,,,,,,PKY,M,1,U
,,,,0,1,,,,,,,,,,,,,,,,,PKY,M,1,ASY
,,,,0,1,,,,,,,,,,,,,,,,,PKY,M,1,SY
,,,,,,,,,,1,0,0,0,1,0,,,,,,,SNC,M,1,ASY
,,,,,,,,,,0,1,0,0,1,1,,,,,,,SNC,M,1,ASY
,,,,,,,,,,0,0,1,0,1,0,,,,,,,SNC,M,1,AHY
,,,,,,,,,,0,0,1,0,0,0,,,,,,,SNC,M,1,AHY
,,,,,,,,,,0,0,1,0,1,0,,,,,,,SNC,M,1,AHY
,,,,,,,,,,0,0,1,0,0,0,,,,,,,SNC,M,1,AHY
,,,,,,,,,,0,0,1,1,1,0,,,,,,,SNC,M,1,AHY
,,,,,,,,,,0,0,1,1,1,0,,,,,,,SNC,F,2,SY
,,,,,,,,,,0,0,1,0,0,0,,,,,,,SNC,M,1,SY
,,,,,,,,,,0,0,1,0,0,0,,,,,,,SNC,F,2,ASY
,,,,,,,,,,0,0,1,0,0,0,,,,,,,SNC,M,1,AHY
,,,,,,,,,,0,0,1,0,0,0,,,,,,,SNC,M,1,AHY
,,,,,,,,,,0,0,1,0,0,0,,,,,,,SNC,M,1,AHY
,,,,,,,,,,0,0,1,0,0,0,,,,,,,SNC,M,1,AHY
,,,,,,,,,,0,0,1,1,0,0,,,,,,,SNC,M,1,ASY
,,,,,,,,,,0,0,1,0,0,0,,,,,,,SNC,M,1,SY
,,,,,,,,,,0,0,1,1,1,1,,,,,,,SNC,M,1,AHY
,,,,,,,,,,0,0,1,0,0,0,,,,,,,SNC,M,1,AHY
,,,,,,,,,,0,0,1,0,0,0,,,,,,,SNC,M,1,AHY
,,,,,,,,,,0,0,1,0,0,0,,,,,,,SNC,M,1,AHY
,,,,,,,,,,0,0,1,1,0,0,,,,,,,SNC,M,1,AHY
,,,,,,,,,,0,0,1,0,0,0,,,,,,,SNC,M,1,AHY
,,,,,,,,,,0,0,1,0,0,0,,,,,,,SNC,M,1,AHY
,,,,,,,,,,0,0,1,1,0,0,,,,,,,SNC,M,1,AHY
,,,,,,,,,,0,0,1,0,0,0,,,,,,,SNC,M,1,AHY
,,,,,,,,,,0,0,1,0,0,0,,,,,,,SNC,M,1,AHY
,,,,,,,,,,0,0,1,0,0,0,,,,,,,SNC,M,1,SY
,,,,,,,,,,0,0,1,0,0,0,,,,,,,SNC,M,1,SY
,,,,,,,,,,0,0,1,0,0,0,,,,,,,SNC,M,1,ASY
,,,,,,,,,,0,0,1,0,0,0,,,,,,,SNC,M,1,AHY
,,,,,,,,,,0,0,1,0,0,0,,,,,,,SNC,F,2,AHY
,,,,,,,,,,0,0,1,0,0,0,,,,,,,SNC,M,1,AHY
,,,,,,,,,,0,0,1,0,0,0,,,,,,,SNC,F,2,ASY
,,,,,,,,,,0,0,1,0,0,0,,,,,,,SNC,M,1,AHY
,,,,,,,,,,0,0,1,0,0,0,,,,,,,SNC,M,1,SY
,,,,,,,,,,0,0,1,0,0,0,,,,,,,SNC,M,1,AHY
,,,,,,,,,,0,0,1,0,0,0,,,,,,,SNC,M,1,AHY
,,,,,,,,,,0,0,1,0,0,0,,,,,,,SNC,M,1,ASY
,,,,,,,,,,0,0,1,0,0,0,,,,,,,SNC,M,1,ASY
,,,,,,,,,,0,0,0,1,1,0,,,,,,,SNC,M,1,ASY
,,,,,,,,,,0,0,0,1,1,1,,,,,,,SNC,M,1,ASY
,,,,,,,,,,0,0,0,1,0,0,,,,,,,SNC,M,1,SY
,,,,,,,,,,0,0,0,1,0,0,,,,,,,SNC,M,1,SY
,,,,,,,,,,0,0,0,1,1,0,,,,,,,SNC,M,1,SY
,,,,,,,,,,0,0,0,1,0,0,,,,,,,SNC,M,1,SY
,,,,,,,,,,0,0,0,1,0,0,,,,,,,SNC,M,1,SY
,,,,,,,,,,0,0,0,1,0,0,,,,,,,SNC,M,1,SY
,,,,,,,,,,0,0,0,1,0,0,,,,,,,SNC,M,1,SY
,,,,,,,,,,0,0,0,1,0,0,,,,,,,SNC,M,1,AHY
,,,,,,,,,,0,0,0,1,0,0,,,,,,,SNC,M,1,SY
,,,,,,,,,,0,0,0,1,1,0,,,,,,,SNC,M,1,ASY
,,,,,,,,,,0,0,0,1,0,0,,,,,,,SNC,M,1,AHY
,,,,,,,,,,0,0,0,1,1,1,,,,,,,SNC,M,1,SY
,,,,,,,,,,0,0,0,1,0,0,,,,,,,SNC,F,2,SY
,,,,,,,,,,0,0,0,1,0,0,,,,,,,SNC,M,1,ASY
,,,,,,,,,,0,0,0,1,0,0,,,,,,,SNC,M,1,AHY
,,,,,,,,,,0,0,0,1,0,0,,,,,,,SNC,M,1,ASY
,,,,,,,,,,0,0,0,1,0,0,,,,,,,SNC,M,1,AHY
,,,,,,,,,,0,0,0,1,0,0,,,,,,,SNC,M,1,AHY
,,,,,,,,,,0,0,0,1,0,0,,,,,,,SNC,M,1,SY
,,,,,,,,,,0,0,0,1,0,0,,,,,,,SNC,M,1,ASY
,,,,,,,,,,0,0,0,1,0,0,,,,,,,SNC,M,1,ASY
,,,,,,,,,,0,0,0,1,0,0,,,,,,,SNC,M,1,U
,,,,,,,,,,0,0,0,1,0,0,,,,,,,SNC,M,1,AHY
,,,,,,,,,,0,0,0,1,1,0,,,,,,,SNC,M,1,SY
,,,,,,,,,,0,0,0,1,1,1,,,,,,,SNC,M,1,ASY
,,,,,,,,,,0,0,0,1,0,0,,,,,,,SNC,M,1,SY
,,,,,,,,,,0,0,0,1,0,0,,,,,,,SNC,F,2,U
,,,,,,,,,,0,0,0,1,0,0,,,,,,,SNC,M,1,AHY
,,,,,,,,,,0,0,0,1,1,0,,,,,,,SNC,M,1,ASY
,,,,,,,,,,0,0,0,0,1,0,,,,,,,SNC,M,1,ASY
,,,,,,,,,,0,0,0,0,1,0,,,,,,,SNC,M,1,AHY
,,,,,,,,,,0,0,0,0,1,0,,,,,,,SNC,M,1,AHY
,,,,,,,,,,0,0,0,0,1,0,,,,,,,SNC,M,1,SY
,,,,,,,,,,0,0,0,0,1,0,,,,,,,SNC,M,1,SY
,,,,,,,,,,0,0,0,0,1,0,,,,,,,SNC,M,1,ASY
,,,,,,,,,,0,0,0,0,1,0,,,,,,,SNC,M,1,AHY
,,,,,,,,,,0,0,0,0,1,0,,,,,,,SNC,M,1,ASY
,,,,,,,,,,0,0,0,0,1,0,,,,,,,SNC,M,1,ASY
,,,,,,,,,,0,0,0,0,1,0,,,,,,,SNC,M,1,SY
,,,,,,,,,,0,0,0,0,1,0,,,,,,,SNC,M,1,SY
,,,,,,,,,,0,0,0,0,1,0,,,,,,,SNC,M,1,AHY
,,,,,,,,,,0,0,0,0,1,0,,,,,,,SNC,M,1,AHY
,,,,,,,,,,0,0,0,0,1,0,,,,,,,SNC,M,1,AHY
,,,,,,,,,,0,0,0,0,1,0,,,,,,,SNC,M,1,ASY
,,,,,,,,,,0,0,0,0,1,0,,,,,,,SNC,M,1,SY
,,,,,,,,,,0,0,0,0,1,0,,,,,,,SNC,M,1,SY
,,,,,,,,,,0,0,0,0,1,0,,,,,,,SNC,M,1,ASY
,,,,,,,,,,0,0,0,0,1,0,,,,,,,SNC,M,1,SY
,,,,,,,,,,0,0,0,0,1,0,,,,,,,SNC,M,1,SY
,,,,,,,,,,0,0,0,0,1,0,,,,,,,SNC,M,1,SY
,,,,,,,,,,0,0,0,0,1,1,,,,,,,SNC,M,1,ASY
,,,,,,,,,,0,0,0,0,1,0,,,,,,,SNC,M,1,ASY
,,,,,,,,,,0,0,0,0,1,0,,,,,,,SNC,M,1,SY
,,,,,,,,,,0,0,0,0,1,0,,,,,,,SNC,M,1,SY
,,,,,,,,,,0,0,0,0,1,1,,,,,,,SNC,M,1,ASY
,,,,,,,,,,0,0,0,0,1,0,,,,,,,SNC,M,1,ASY
,,,,,,,,,,0,0,0,0,1,0,,,,,,,SNC,F,2,ASY
,,,,,,,,,,0,0,0,0,1,0,,,,,,,SNC,M,1,AHY
,,,,,,,,,,0,0,0,0,1,0,,,,,,,SNC,F,2,ASY
,,,,,,,,,,0,0,0,0,1,0,,,,,,,SNC,M,1,SY
,,,,,,,,,,0,0,0,0,1,0,,,,,,,SNC,M,1,SY
,,,,,,,,,,0,0,0,0,1,0,,,,,,,SNC,M,1,ASY
,,,,,,,,,,0,0,0,0,0,1,,,,,,,SNC,M,1,SY
,,,,,,,,,,0,0,0,0,0,1,,,,,,,SNC,M,1,ASY
,,,,,,,,,,0,0,0,0,0,1,,,,,,,SNC,M,1,SY
,,,,,,,,,,0,0,0,0,0,1,,,,,,,SNC,M,1,ASY
,,,,,,,,,,0,0,0,0,0,1,,,,,,,SNC,M,1,ASY
,,,,,,,,,,0,0,0,0,0,1,,,,,,,SNC,M,1,SY
,,,,,,,,,,0,0,0,0,0,1,,,,,,,SNC,M,1,ASY
,,,,,,,,,,0,0,0,0,0,1,,,,,,,SNC,M,1,SY
,,,,,,,,,,0,0,0,0,0,1,,,,,,,SNC,M,1,SY
,,,,,,,,,,0,0,0,0,0,1,,,,,,,SNC,M,1,SY
,,,,,,,,,,0,0,0,0,0,1,,,,,,,SNC,M,1,U
,,,,,,,,,,0,0,0,0,0,1,,,,,,,SNC,M,1,ASY
,,,,,,,,,,0,0,0,0,0,1,,,,,,,SNC,M,1,ASY
,,,,,,,,,,0,0,0,0,0,1,,,,,,,SNC,M,1,SY
,,,,,,,,,,0,0,0,0,0,1,,,,,,,SNC,M,1,ASY
,,,,,,,,,,0,0,0,0,0,1,,,,,,,SNC,M,1,SY
,,,,,,,,,,0,0,0,0,0,1,,,,,,,SNC,F,2,AHY
,,,,,,,,,,0,0,0,0,0,1,,,,,,,SNC,M,1,ASY
,,,,,,,,,,0,0,0,0,0,1,,,,,,,SNC,M,1,SY
,,,,,,,,,,0,0,0,0,0,1,,,,,,,SNC,M,1,SY
,,,,,,,,,,0,0,0,0,0,1,,,,,,,SNC,M,1,SY
,,,,,,,,,,0,0,0,0,0,1,,,,,,,SNC,M,1,ASY
,,,,,,,,,,0,0,0,0,0,1,,,,,,,SNC,M,1,ASY
,,,,,,,,,,0,0,0,0,0,1,,,,,,,SNC,M,1,SY
,,,,,,,,,,0,0,0,0,0,1,,,,,,,SNC,M,1,U
,,,,,,,,,,0,0,0,0,0,1,,,,,,,SNC,F,2,U
,,,,,,,,,,0,0,0,0,0,1,,,,,,,SNC,M,1,ASY
,,,,,,,,,,0,0,0,0,0,1,,,,,,,SNC,M,1,ASY
,,,,,,,,,,0,0,0,0,0,1,,,,,,,SNC,M,1,ASY
,,,,,,,,,,0,0,0,0,0,1,,,,,,,SNC,M,1,SY
,,,,,,,,,,0,0,0,0,0,1,,,,,,,SNC,M,1,SY
,,,,,,,,,,0,0,0,0,0,1,,,,,,,SNC,M,1,SY
,,,,,,,,,,0,0,0,0,0,1,,,,,,,SNC,M,1,SY
,,,,,,,,,,0,0,0,0,0,1,,,,,,,SNC,M,1,SY
,,,,,,,,,,0,0,0,0,0,1,,,,,,,SNC,M,1,SY
1,0,1,0,0,0,0,0,0,0,0,0,0,0,0,0,0,0,0,0,0,0,CWV,M,1,AHY
1,0,0,0,0,0,0,0,0,0,0,0,0,0,0,0,0,0,0,0,0,0,CWV,M,1,AHY
1,0,0,0,0,0,0,0,0,0,0,0,0,0,0,0,0,0,0,0,0,0,CWV,M,1,AHY
1,1,0,0,0,0,0,0,0,0,0,0,0,0,0,0,0,0,0,0,0,0,CWV,M,1,AHY
1,0,0,0,0,0,0,0,0,0,0,0,0,0,0,0,0,0,0,0,0,0,CWV,M,1,AHY
1,0,0,0,0,0,0,0,0,0,0,0,0,0,0,0,0,0,0,0,0,0,CWV,M,1,AHY
1,0,0,0,0,0,0,0,0,0,0,0,0,0,0,0,0,0,0,0,0,0,CWV,M,1,AHY
1,0,0,0,0,0,0,0,0,0,0,0,0,0,0,0,0,0,0,0,0,0,CWV,M,1,AHY
1,0,0,0,0,0,0,0,0,0,0,0,0,0,0,0,0,0,0,0,0,0,CWV,M,1,AHY
1,1,0,0,0,0,0,0,0,0,0,0,0,0,0,0,0,0,0,0,0,0,CWV,M,1,AHY
1,0,0,0,0,0,0,0,0,0,0,0,0,0,0,0,0,0,0,0,0,0,CWV,M,1,AHY
1,0,1,0,0,0,0,0,0,0,0,0,0,0,0,0,0,0,0,0,0,0,CWV,M,1,AHY
1,0,0,0,0,0,0,0,0,0,0,0,0,0,0,0,0,0,0,0,0,0,CWV,M,1,AHY
1,0,0,0,0,0,0,0,0,0,0,0,0,0,0,0,0,0,0,0,0,0,CWV,M,1,AHY
1,0,0,0,0,0,0,0,0,0,0,0,0,0,0,0,0,0,0,0,0,0,CWV,M,1,AHY
1,0,0,0,0,0,0,0,0,0,0,0,0,0,0,0,0,0,0,0,0,0,CWV,M,1,AHY
1,1,0,1,0,0,0,0,0,0,0,0,0,0,0,0,0,0,0,0,0,0,CWV,M,1,AHY
1,0,0,0,0,0,0,0,0,0,0,0,0,0,0,0,0,0,0,0,0,0,CWV,M,1,AHY
0,1,0,0,0,0,0,0,0,0,0,0,0,0,0,0,0,0,0,0,0,0,CWV,M,1,AHY
0,1,0,1,0,0,0,0,0,0,0,0,0,0,0,0,0,0,0,0,0,0,CWV,M,1,AHY
0,1,1,0,0,0,0,0,0,0,0,0,0,0,0,0,0,0,0,0,0,0,CWV,M,1,AHY
0,1,0,0,0,0,0,0,0,0,0,0,0,0,0,0,0,0,0,0,0,0,CWV,M,1,AHY
0,1,0,1,0,0,0,0,0,0,0,0,0,0,0,0,0,0,0,0,0,0,CWV,M,1,AHY
0,1,0,0,0,0,0,0,0,0,0,0,0,0,0,0,0,0,0,0,0,0,CWV,M,1,AHY
0,1,1,0,0,0,0,0,0,0,0,0,0,0,0,0,0,0,0,0,0,0,CWV,M,1,AHY
0,1,0,0,0,0,0,0,0,0,0,0,0,0,0,0,0,0,0,0,0,0,CWV,M,1,AHY
0,1,0,0,1,0,0,0,0,0,0,0,0,0,0,0,0,0,0,0,0,0,CWV,M,1,AHY
0,1,0,0,0,0,0,0,0,0,0,0,0,0,0,0,0,0,0,0,0,0,CWV,M,1,AHY
0,1,1,0,0,0,0,0,0,0,0,0,0,0,0,0,0,0,0,0,0,0,CWV,M,1,AHY
0,1,0,0,0,0,0,0,0,0,0,0,0,0,0,0,0,0,0,0,0,0,CWV,M,1,AHY
0,0,1,0,0,0,0,0,0,0,0,0,0,0,0,0,0,0,0,0,0,0,CWV,M,1,AHY
0,0,1,0,0,0,0,0,0,0,0,0,0,0,0,0,0,0,0,0,0,0,CWV,M,1,AHY
0,0,1,0,0,0,0,0,0,0,0,0,0,0,0,0,0,0,0,0,0,0,CWV,M,1,AHY
0,0,1,0,0,0,0,0,0,0,0,0,0,0,0,0,0,0,0,0,0,0,CWV,M,1,AHY
0,0,1,0,0,0,0,0,0,0,0,0,0,0,0,0,0,0,0,0,0,0,CWV,M,1,AHY
0,0,1,0,0,0,0,0,0,0,0,0,0,0,0,0,0,0,0,0,0,0,CWV,M,1,AHY
0,0,1,0,0,0,0,0,0,0,0,0,0,0,0,0,0,0,0,0,0,0,CWV,M,1,AHY
0,0,1,0,0,0,0,0,0,0,0,0,0,0,0,0,0,0,0,0,0,0,CWV,M,1,AHY
0,0,1,0,0,0,0,0,0,0,0,0,0,0,0,0,0,0,0,0,0,0,CWV,M,1,AHY
0,0,1,0,0,0,0,0,0,0,0,0,0,0,0,0,0,0,0,0,0,0,CWV,M,1,AHY
0,0,1,0,0,0,0,0,0,0,0,0,0,0,0,0,0,0,0,0,0,0,CWV,M,1,AHY
0,0,1,0,0,0,0,0,0,0,0,0,0,0,0,0,0,0,0,0,0,0,CWV,M,1,AHY
0,0,1,0,0,0,0,0,0,0,0,0,0,0,0,0,0,0,0,0,0,0,CWV,M,1,AHY
0,0,1,0,0,0,0,0,0,0,0,0,0,0,0,0,0,0,0,0,0,0,CWV,M,1,AHY
0,0,1,0,0,0,0,0,0,0,0,0,0,0,0,0,0,0,0,0,0,0,CWV,F,2,AHY
0,0,1,0,0,0,0,0,0,0,0,0,0,0,0,0,0,0,0,0,0,0,CWV,M,1,AHY
0,0,1,0,0,0,0,0,0,0,0,0,0,0,0,0,0,0,0,0,0,0,CWV,M,1,AHY
0,0,1,0,0,0,0,0,0,0,0,0,0,0,0,0,0,0,0,0,0,0,CWV,M,1,AHY
0,0,1,0,0,0,0,0,0,0,0,0,0,0,0,0,0,0,0,0,0,0,CWV,M,1,AHY
0,0,1,0,0,0,0,0,0,0,0,0,0,0,0,0,0,0,0,0,0,0,CWV,M,1,AHY
0,0,1,0,0,0,0,0,0,0,0,0,0,0,0,0,0,0,0,0,0,0,CWV,M,1,AHY
0,0,1,0,0,0,0,0,0,0,0,0,0,0,0,0,0,0,0,0,0,0,CWV,M,1,AHY
0,0,1,0,0,0,0,0,0,0,0,0,0,0,0,0,0,0,0,0,0,0,CWV,M,1,AHY
0,0,1,0,0,0,0,0,0,0,0,0,0,0,0,0,0,0,0,0,0,0,CWV,M,1,AHY
0,0,1,0,0,0,0,0,0,0,0,0,0,0,0,0,0,0,0,0,0,0,CWV,M,1,AHY
0,0,1,0,0,0,0,0,0,0,0,0,0,0,0,0,0,0,0,0,0,0,CWV,M,1,AHY
0,0,1,0,0,0,0,0,0,0,0,0,0,0,0,0,0,0,0,0,0,0,CWV,M,1,AHY
0,0,1,0,0,0,0,0,0,0,0,0,0,0,0,0,0,0,0,0,0,0,CWV,M,1,AHY
0,0,1,0,0,0,0,0,0,0,0,0,0,0,0,0,0,0,0,0,0,0,CWV,M,1,AHY
0,0,1,0,0,0,0,0,0,0,0,0,0,0,0,0,0,0,0,0,0,0,CWV,M,1,AHY
0,0,1,0,0,0,0,0,0,0,0,0,0,0,0,0,0,0,0,0,0,0,CWV,M,1,AHY
0,0,1,0,0,0,0,0,0,0,0,0,0,0,0,0,0,0,0,0,0,0,CWV,M,1,AHY
0,0,1,0,0,0,0,0,0,0,0,0,0,0,0,0,0,0,0,0,0,0,CWV,M,1,AHY
0,0,0,1,0,0,0,0,0,0,0,0,0,0,0,0,0,0,0,0,0,0,CWV,M,1,AHY
0,0,0,1,0,0,0,0,0,0,0,0,0,0,0,0,0,0,0,0,0,0,CWV,M,1,AHY
0,0,0,1,0,0,0,0,0,0,0,0,0,0,0,0,0,0,0,0,0,0,CWV,M,1,AHY
0,0,0,1,0,1,0,0,0,0,0,0,0,0,0,0,0,0,0,0,0,0,CWV,M,1,AHY
0,0,0,1,0,0,0,0,0,0,0,0,0,0,0,0,0,0,0,0,0,0,CWV,F,2,AHY
0,0,0,1,1,0,0,0,0,0,0,0,0,0,0,0,0,0,0,0,0,0,CWV,M,1,AHY
0,0,0,1,0,0,0,0,0,0,0,0,0,0,0,0,0,0,0,0,0,0,CWV,M,1,AHY
0,0,0,1,0,0,0,0,0,0,0,0,0,0,0,0,0,0,0,0,0,0,CWV,M,1,AHY
0,0,0,1,0,0,0,0,0,0,0,0,0,0,0,0,0,0,0,0,0,0,CWV,M,1,AHY
0,0,0,1,0,0,0,0,0,0,0,0,0,0,0,0,0,0,0,0,0,0,CWV,M,1,AHY
0,0,0,1,0,0,0,0,0,0,0,0,0,0,0,0,0,0,0,0,0,0,CWV,M,1,AHY
0,0,0,0,1,0,0,0,0,0,0,0,0,0,0,0,0,0,0,0,0,0,CWV,M,1,AHY
0,0,0,0,1,0,0,0,0,0,0,0,0,0,0,0,0,0,0,0,0,0,CWV,M,1,SY
0,0,0,0,1,0,0,0,0,0,0,0,0,0,0,0,0,0,0,0,0,0,CWV,M,1,ASY
0,0,0,0,1,0,0,0,0,0,0,0,0,0,0,0,0,0,0,0,0,0,CWV,M,1,ASY
0,0,0,0,1,0,0,0,0,0,0,0,0,0,0,0,0,0,0,0,0,0,CWV,M,1,ASY
0,0,0,0,1,0,0,0,0,0,0,0,0,0,0,0,0,0,0,0,0,0,CWV,M,1,SY
0,0,0,0,1,0,0,0,0,0,0,0,0,0,0,0,0,0,0,0,0,0,CWV,M,1,ASY
0,0,0,0,1,0,0,0,0,0,0,0,0,0,0,0,0,0,0,0,0,0,CWV,M,1,SY
0,0,0,0,1,0,0,0,0,0,0,0,0,0,0,0,0,0,0,0,0,0,CWV,M,1,SY
0,0,0,0,0,1,0,0,0,0,0,0,0,0,0,0,0,0,0,0,0,0,CWV,M,1,ASY
0,0,0,0,0,1,0,0,0,0,0,0,0,0,0,0,0,0,0,0,0,0,CWV,M,1,SY
0,0,0,0,0,1,1,0,0,0,0,0,0,0,0,0,0,0,0,0,0,0,CWV,M,1,SY
0,0,0,0,0,1,0,0,0,0,0,0,0,0,0,0,0,0,0,0,0,0,CWV,M,1,ASY
0,0,0,0,0,1,1,0,0,0,0,0,0,0,0,0,0,0,0,0,0,0,CWV,F,2,SY
0,0,0,0,0,1,0,0,0,0,0,0,0,0,0,0,0,0,0,0,0,0,CWV,M,1,ASY
0,0,0,0,0,1,0,0,0,0,0,0,0,0,0,0,0,0,0,0,0,0,CWV,M,1,ASY
0,0,0,0,0,1,0,0,0,0,0,0,0,0,0,0,0,0,0,0,0,0,CWV,M,1,SY
0,0,0,0,0,1,0,0,0,0,0,0,0,0,0,0,0,0,0,0,0,0,CWV,M,1,ASY
0,0,0,0,0,1,1,1,0,1,0,0,0,0,0,0,0,0,0,0,0,0,CWV,M,1,ASY
0,0,0,0,0,1,0,0,0,0,0,0,0,0,0,0,0,0,0,0,0,0,CWV,M,1,ASY
0,0,0,0,0,1,0,0,0,0,0,0,0,0,0,0,0,0,0,0,0,0,CWV,M,1,SY
0,0,0,0,0,1,0,0,0,0,0,0,0,0,0,0,0,0,0,0,0,0,CWV,M,1,SY
0,0,0,0,0,1,0,1,0,0,0,0,0,0,0,0,0,0,0,0,0,0,CWV,M,1,SY
0,0,0,0,0,1,0,0,0,0,0,0,0,0,0,0,0,0,0,0,0,0,CWV,M,1,ASY
0,0,0,0,0,1,0,0,0,0,0,0,0,0,0,0,0,0,0,0,0,0,CWV,M,1,SY
0,0,0,0,0,1,0,0,0,0,0,0,0,0,0,0,0,0,0,0,0,0,CWV,M,1,SY
0,0,0,0,0,1,0,0,1,0,0,0,0,0,0,0,0,0,0,0,0,0,CWV,M,1,ASY
0,0,0,0,0,1,0,0,1,0,0,0,0,0,0,0,0,0,0,0,0,0,CWV,M,1,ASY
0,0,0,0,0,1,0,0,0,0,0,0,0,0,0,0,0,0,0,0,0,0,CWV,M,1,SY
0,0,0,0,0,1,0,0,0,0,0,0,0,0,0,0,0,0,0,0,0,0,CWV,M,1,SY
0,0,0,0,0,0,1,0,0,0,0,0,0,0,0,0,0,0,0,0,0,0,CWV,M,1,ASY
0,0,0,0,0,0,1,1,0,0,0,0,0,0,0,0,0,0,0,0,0,0,CWV,M,1,SY
0,0,0,0,0,0,1,0,0,0,0,0,0,0,0,0,0,0,0,0,0,0,CWV,M,1,SY
0,0,0,0,0,0,1,0,0,0,0,0,0,0,0,0,0,0,0,0,0,0,CWV,M,1,SY
0,0,0,0,0,0,1,0,1,0,0,0,0,0,0,0,0,0,0,0,0,0,CWV,M,1,SY
0,0,0,0,0,0,1,0,0,0,0,0,0,0,0,0,0,0,0,0,0,0,CWV,M,1,ASY
0,0,0,0,0,0,1,0,0,0,0,0,0,0,0,0,0,0,0,0,0,0,CWV,M,1,ASY
0,0,0,0,0,0,1,0,0,0,0,0,0,0,0,0,0,0,0,0,0,0,CWV,M,1,SY
0,0,0,0,0,0,0,1,0,1,0,0,0,0,0,0,0,0,0,0,0,0,CWV,M,1,SY
0,0,0,0,0,0,0,1,0,1,0,0,0,0,0,0,0,0,0,0,0,0,CWV,M,1,ASY
0,0,0,0,0,0,0,1,0,0,0,0,0,0,0,0,0,0,0,0,0,0,CWV,M,1,ASY
0,0,0,0,0,0,0,1,0,0,0,0,0,0,0,0,0,0,0,0,0,0,CWV,M,1,SY
0,0,0,0,0,0,0,1,0,1,0,0,0,0,0,0,0,0,0,0,0,0,CWV,M,1,SY
0,0,0,0,0,0,0,1,1,0,0,0,0,0,0,0,0,0,0,0,0,0,CWV,M,1,ASY
0,0,0,0,0,0,0,0,1,0,0,0,0,0,0,0,0,0,0,0,0,0,CWV,M,1,SY
0,0,0,0,0,0,0,0,1,0,0,0,0,0,0,0,0,0,0,0,0,0,CWV,M,1,ASY
0,0,0,0,0,0,0,0,1,0,0,0,0,0,0,0,0,0,0,0,0,0,CWV,M,1,ASY
0,0,0,0,0,0,0,0,1,0,0,0,0,0,0,0,0,0,0,0,0,0,CWV,M,1,ASY
0,0,0,0,0,0,0,0,1,0,0,0,0,0,0,0,0,0,0,0,0,0,CWV,M,1,ASY
0,0,0,0,0,0,0,0,1,0,0,0,0,0,0,0,0,0,0,0,0,0,CWV,M,1,SY
0,0,0,0,0,0,0,0,1,1,0,0,0,0,0,0,0,0,0,0,0,0,CWV,M,1,ASY
0,0,0,0,0,0,0,0,1,0,0,0,0,0,0,0,0,0,0,0,0,0,CWV,M,1,SY
0,0,0,0,0,0,0,0,1,0,0,0,0,0,0,0,0,0,0,0,0,0,CWV,M,1,SY
0,0,0,0,0,0,0,0,1,0,0,0,0,0,0,0,0,0,0,0,0,0,CWV,M,1,ASY
0,0,0,0,0,0,0,0,1,1,0,0,0,0,0,0,0,0,0,0,0,0,CWV,M,1,ASY
0,0,0,0,0,0,0,0,1,0,0,0,0,0,0,0,0,0,0,0,0,0,CWV,M,1,ASY
0,0,0,0,0,0,0,0,0,1,0,0,0,0,0,0,0,0,0,0,0,0,CWV,M,1,SY
0,0,0,0,0,0,0,0,0,1,0,0,0,0,0,0,0,0,0,0,0,0,CWV,M,1,ASY
0,0,0,0,0,0,0,0,0,1,0,0,0,0,0,0,0,0,0,0,0,0,CWV,M,1,SY
0,0,0,0,0,0,0,0,0,0,0,1,0,0,0,0,0,0,0,0,0,0,CWV,M,1,ASY
0,0,0,0,0,0,0,0,0,0,0,1,0,0,0,0,0,0,0,0,0,0,CWV,M,1,ASY
0,0,0,0,0,0,0,0,0,0,0,1,0,0,0,0,0,0,0,0,0,0,CWV,M,1,SY
0,0,0,0,0,0,0,0,0,0,0,1,1,0,0,0,0,0,0,0,0,0,CWV,F,2,SY
0,0,0,0,0,0,0,0,0,0,0,1,1,0,0,0,0,0,0,0,0,0,CWV,M,1,SY
0,0,0,0,0,0,0,0,0,0,0,1,1,0,0,0,0,0,0,0,0,0,CWV,M,1,ASY
0,0,0,0,0,0,0,0,0,0,0,1,0,0,0,0,0,0,0,0,0,0,CWV,M,1,ASY
0,0,0,0,0,0,0,0,0,0,0,0,1,0,0,0,0,0,0,0,0,0,CWV,M,1,SY
0,0,0,0,0,0,0,0,0,0,0,0,1,0,0,0,0,0,0,0,0,0,CWV,M,1,ASY
0,0,0,0,0,0,0,0,0,0,0,0,1,0,0,0,0,0,0,0,0,0,CWV,M,1,SY
0,0,0,0,0,0,0,0,0,0,0,0,1,0,0,0,0,0,0,0,0,0,CWV,M,1,SY
0,0,0,0,0,0,0,0,0,0,0,0,1,0,0,0,0,0,0,0,0,0,CWV,M,1,SY
0,0,0,0,0,0,0,0,0,0,0,0,1,0,0,0,0,0,0,0,0,0,CWV,M,1,ASY
0,0,0,0,0,0,0,0,0,0,0,0,1,0,0,0,0,0,0,0,0,0,CWV,M,1,SY
0,0,0,0,0,0,0,0,0,0,0,0,1,1,0,0,0,0,0,0,0,0,CWV,M,1,SY
0,0,0,0,0,0,0,0,0,0,0,0,0,1,0,0,0,0,0,0,0,0,CWV,M,1,ASY
0,0,0,0,0,0,0,0,0,0,0,0,0,1,1,0,0,0,0,0,0,0,CWV,F,2,ASY
0,0,0,0,0,0,0,0,0,0,0,0,0,1,0,0,0,0,0,0,0,0,CWV,M,1,SY
0,0,0,0,0,0,0,0,0,0,0,0,0,1,0,0,0,0,0,0,0,0,CWV,M,1,SY
0,0,0,0,0,0,0,0,0,0,0,0,0,1,0,0,0,0,0,0,0,0,CWV,M,1,ASY
0,0,0,0,0,0,0,0,0,0,0,0,0,1,0,0,0,0,0,0,0,0,CWV,M,1,ASY
0,0,0,0,0,0,0,0,0,0,0,0,0,1,0,0,0,0,0,0,0,0,CWV,M,1,ASY
0,0,0,0,0,0,0,0,0,0,0,0,0,0,0,1,1,0,0,0,0,0,CWV,M,1,SY
0,0,0,0,0,0,0,0,0,0,0,0,0,0,0,1,0,0,0,0,0,0,CWV,M,1,ASY
0,0,0,0,0,0,0,0,0,0,0,0,0,0,0,1,1,0,0,0,0,0,CWV,M,1,ASY
0,0,0,0,0,0,0,0,0,0,0,0,0,0,0,1,0,0,0,0,0,0,CWV,M,1,SY
0,0,0,0,0,0,0,0,0,0,0,0,0,0,0,1,0,0,0,0,0,0,CWV,M,1,SY
0,0,0,0,0,0,0,0,0,0,0,0,0,0,0,1,0,0,0,0,0,0,CWV,M,1,SY
0,0,0,0,0,0,0,0,0,0,0,0,0,0,0,0,1,0,0,0,0,0,CWV,M,1,SY
0,0,0,0,0,0,0,0,0,0,0,0,0,0,0,0,1,0,0,0,0,0,CWV,M,1,ASY
0,0,0,0,0,0,0,0,0,0,0,0,0,0,0,0,0,1,0,0,0,0,CWV,M,1,ASY
0,0,0,0,0,0,0,0,0,0,0,0,0,0,0,0,0,1,0,0,0,0,CWV,M,1,ASY
0,0,0,0,0,0,0,0,0,0,0,0,0,0,0,0,0,0,1,0,0,0,CWV,M,1,SY
0,0,0,0,0,0,0,0,0,0,0,0,0,0,0,0,0,0,1,0,0,0,CWV,M,1,ASY
0,0,0,0,0,0,0,0,0,0,0,0,0,0,0,0,0,0,1,0,0,0,CWV,M,1,SY
0,0,0,0,0,0,0,0,0,0,0,0,0,0,0,0,0,0,0,1,0,0,CWV,M,1,ASY
0,0,0,0,0,0,0,0,0,0,0,0,0,0,0,0,0,0,0,0,1,0,CWV,M,1,ASY
0,0,0,0,0,0,0,0,0,0,0,0,0,0,0,0,0,0,0,0,0,1,CWV,M,1,SY
,,,1,1,0,0,0,0,0,0,0,,,,,,,,,,,BTN,M,1,AHY
,,,1,0,0,0,0,0,0,0,0,,,,,,,,,,,BTN,M,1,AHY
,,,1,1,1,0,0,0,0,0,0,,,,,,,,,,,BTN,M,1,AHY
,,,1,1,1,0,0,0,0,0,0,,,,,,,,,,,BTN,M,1,AHY
,,,1,0,0,1,0,0,0,0,0,,,,,,,,,,,BTN,M,1,AHY
,,,1,0,1,0,0,0,0,0,0,,,,,,,,,,,BTN,M,1,AHY
,,,1,0,0,0,0,0,0,0,0,,,,,,,,,,,BTN,M,1,AHY
,,,1,0,0,0,0,0,0,0,0,,,,,,,,,,,BTN,M,1,AHY
,,,1,0,0,0,0,0,0,0,0,,,,,,,,,,,BTN,M,1,AHY
,,,1,0,0,0,0,0,0,0,0,,,,,,,,,,,BTN,M,1,AHY
,,,1,0,1,0,0,0,0,0,0,,,,,,,,,,,BTN,M,1,AHY
,,,1,0,0,0,0,0,0,0,0,,,,,,,,,,,BTN,M,1,AHY
,,,1,0,0,1,0,0,0,0,0,,,,,,,,,,,BTN,M,1,AHY
,,,1,0,0,0,0,0,0,0,0,,,,,,,,,,,BTN,M,1,AHY
,,,1,0,1,0,0,0,0,0,0,,,,,,,,,,,BTN,M,1,AHY
,,,1,0,0,0,0,0,0,0,0,,,,,,,,,,,BTN,M,1,AHY
,,,1,0,0,0,0,0,0,0,0,,,,,,,,,,,BTN,M,1,AHY
,,,1,0,0,0,0,0,0,0,0,,,,,,,,,,,BTN,M,1,AHY
,,,1,1,1,0,0,0,0,0,0,,,,,,,,,,,BTN,M,1,AHY
,,,1,0,0,0,0,0,0,0,0,,,,,,,,,,,BTN,M,1,AHY
,,,1,1,0,0,0,0,0,0,0,,,,,,,,,,,BTN,M,1,AHY
,,,1,1,1,1,0,0,0,0,0,,,,,,,,,,,BTN,M,1,AHY
,,,1,1,1,0,0,0,0,0,0,,,,,,,,,,,BTN,M,1,AHY
,,,1,1,0,0,0,0,0,0,0,,,,,,,,,,,BTN,M,1,AHY
,,,1,0,0,0,0,0,0,0,0,,,,,,,,,,,BTN,M,1,AHY
,,,1,0,0,0,0,0,0,0,0,,,,,,,,,,,BTN,M,1,AHY
,,,1,1,1,0,0,0,0,0,0,,,,,,,,,,,BTN,M,1,AHY
,,,1,0,0,0,0,0,0,0,0,,,,,,,,,,,BTN,M,1,AHY
,,,1,0,0,0,0,0,0,0,0,,,,,,,,,,,BTN,M,1,AHY
,,,1,1,0,0,0,0,0,0,0,,,,,,,,,,,BTN,M,1,AHY
,,,1,0,0,0,0,0,0,0,0,,,,,,,,,,,BTN,M,1,AHY
,,,1,1,1,0,0,0,0,0,0,,,,,,,,,,,BTN,M,1,AHY
,,,1,0,0,0,0,0,0,0,0,,,,,,,,,,,BTN,M,1,AHY
,,,1,0,1,0,0,0,0,0,0,,,,,,,,,,,BTN,F,2,AHY
,,,1,1,1,1,0,0,0,1,0,,,,,,,,,,,BTN,M,1,AHY
,,,0,1,1,0,0,0,0,0,0,,,,,,,,,,,BTN,M,1,AHY
,,,0,1,0,0,0,0,0,0,0,,,,,,,,,,,BTN,M,1,AHY
,,,0,1,0,0,0,0,0,0,0,,,,,,,,,,,BTN,M,1,AHY
,,,0,1,0,0,0,0,0,0,0,,,,,,,,,,,BTN,M,1,AHY
,,,0,1,0,0,0,0,0,0,0,,,,,,,,,,,BTN,M,1,AHY
,,,0,1,1,0,0,0,0,0,0,,,,,,,,,,,BTN,M,1,AHY
,,,0,1,0,0,0,0,0,0,0,,,,,,,,,,,BTN,M,1,AHY
,,,0,1,1,1,0,0,0,0,0,,,,,,,,,,,BTN,M,1,AHY
,,,0,1,1,0,0,0,0,0,0,,,,,,,,,,,BTN,M,1,AHY
,,,0,1,0,0,0,0,0,0,0,,,,,,,,,,,BTN,M,1,AHY
,,,0,1,1,0,0,0,0,0,0,,,,,,,,,,,BTN,M,1,AHY
,,,0,1,0,0,0,0,0,0,0,,,,,,,,,,,BTN,M,1,AHY
,,,0,1,1,0,0,0,0,0,0,,,,,,,,,,,BTN,M,1,AHY
,,,0,1,0,0,0,0,0,0,0,,,,,,,,,,,BTN,M,1,AHY
,,,0,1,1,0,0,0,0,0,0,,,,,,,,,,,BTN,F,2,AHY
,,,0,1,1,0,0,0,0,0,0,,,,,,,,,,,BTN,F,2,AHY
,,,0,1,0,0,0,0,0,0,0,,,,,,,,,,,BTN,F,2,AHY
,,,0,1,0,0,0,0,0,0,0,,,,,,,,,,,BTN,F,2,AHY
,,,0,1,0,0,0,0,0,0,0,,,,,,,,,,,BTN,F,2,AHY
,,,0,1,1,0,0,0,0,0,0,,,,,,,,,,,BTN,F,2,AHY
,,,0,1,1,0,0,0,0,0,0,,,,,,,,,,,BTN,F,2,AHY
,,,0,1,1,0,0,0,0,0,0,,,,,,,,,,,BTN,F,2,AHY
,,,0,1,1,0,0,0,0,0,0,,,,,,,,,,,BTN,M,1,AHY
,,,0,1,1,0,0,0,0,0,0,,,,,,,,,,,BTN,F,2,AHY
,,,0,1,0,0,0,0,0,0,0,,,,,,,,,,,BTN,F,2,AHY
,,,0,1,0,0,0,0,0,0,0,,,,,,,,,,,BTN,M,1,AHY
,,,0,1,1,1,0,0,0,0,0,,,,,,,,,,,BTN,M,1,AHY
,,,0,1,1,0,0,0,0,0,0,,,,,,,,,,,BTN,M,1,AHY
,,,0,1,1,1,0,0,0,0,0,,,,,,,,,,,BTN,F,2,AHY
,,,0,1,0,0,0,0,0,0,0,,,,,,,,,,,BTN,F,2,AHY
,,,0,1,0,0,0,0,0,0,0,,,,,,,,,,,BTN,M,1,AHY
,,,0,1,1,1,0,0,0,0,0,,,,,,,,,,,BTN,M,1,AHY
,,,0,1,1,0,0,0,0,0,0,,,,,,,,,,,BTN,M,1,AHY
,,,0,1,1,1,0,0,0,0,0,,,,,,,,,,,BTN,M,1,AHY
,,,0,1,0,0,0,0,0,0,0,,,,,,,,,,,BTN,M,1,AHY
,,,0,1,1,1,0,0,0,0,0,,,,,,,,,,,BTN,M,1,AHY
,,,0,1,1,1,0,0,0,0,0,,,,,,,,,,,BTN,M,1,AHY
,,,0,1,0,0,0,0,0,0,0,,,,,,,,,,,BTN,M,1,AHY
,,,0,1,0,0,0,0,0,0,0,,,,,,,,,,,BTN,M,1,AHY
,,,0,1,1,0,0,0,0,0,0,,,,,,,,,,,BTN,M,1,AHY
,,,0,1,0,0,0,0,0,0,0,,,,,,,,,,,BTN,F,2,AHY
,,,0,1,1,1,0,0,0,0,0,,,,,,,,,,,BTN,M,1,AHY
,,,0,1,0,0,0,0,0,0,0,,,,,,,,,,,BTN,F,2,AHY
,,,0,1,0,0,0,0,0,0,0,,,,,,,,,,,BTN,F,2,AHY
,,,0,1,0,0,0,0,0,0,0,,,,,,,,,,,BTN,F,2,AHY
,,,0,1,1,0,0,0,0,0,0,,,,,,,,,,,BTN,F,2,AHY
,,,0,1,0,0,0,0,0,0,0,,,,,,,,,,,BTN,F,2,AHY
,,,0,1,0,0,0,0,0,0,0,,,,,,,,,,,BTN,F,2,AHY
,,,0,1,0,0,0,0,0,0,0,,,,,,,,,,,BTN,M,1,AHY
,,,0,1,0,0,0,0,0,0,0,,,,,,,,,,,BTN,F,2,AHY
,,,0,1,0,0,0,0,0,0,0,,,,,,,,,,,BTN,M,1,AHY
,,,0,1,0,0,0,0,0,0,0,,,,,,,,,,,BTN,M,1,AHY
,,,0,1,0,0,0,0,0,0,0,,,,,,,,,,,BTN,F,2,AHY
,,,0,1,0,0,0,0,0,0,0,,,,,,,,,,,BTN,F,2,AHY
,,,0,1,0,0,0,0,0,0,0,,,,,,,,,,,BTN,F,2,AHY
,,,0,1,1,0,0,0,0,0,0,,,,,,,,,,,BTN,M,1,AHY
,,,0,0,1,0,0,0,0,0,0,,,,,,,,,,,BTN,M,1,AHY
,,,0,0,1,0,0,0,0,0,0,,,,,,,,,,,BTN,F,2,AHY
,,,0,0,1,1,0,0,0,0,0,,,,,,,,,,,BTN,M,1,AHY
,,,0,0,1,1,0,0,0,0,0,,,,,,,,,,,BTN,M,1,AHY
,,,0,0,1,1,0,0,0,0,0,,,,,,,,,,,BTN,M,1,AHY
,,,0,0,1,0,0,0,0,0,0,,,,,,,,,,,BTN,M,1,AHY
,,,0,0,1,1,0,0,0,0,0,,,,,,,,,,,BTN,M,1,AHY
,,,0,0,1,0,0,0,0,0,0,,,,,,,,,,,BTN,M,1,AHY
,,,0,0,1,0,0,0,0,0,0,,,,,,,,,,,BTN,M,1,AHY
,,,0,0,1,0,0,0,0,0,0,,,,,,,,,,,BTN,M,1,AHY
,,,0,0,1,0,0,0,0,0,0,,,,,,,,,,,BTN,M,1,AHY
,,,0,0,1,0,0,0,0,0,0,,,,,,,,,,,BTN,M,1,AHY
,,,0,0,1,0,0,0,0,0,0,,,,,,,,,,,BTN,M,1,AHY
,,,0,0,1,0,0,0,0,0,0,,,,,,,,,,,BTN,M,1,AHY
,,,0,0,1,0,0,0,0,0,0,,,,,,,,,,,BTN,M,1,AHY
,,,0,0,1,0,0,0,0,0,0,,,,,,,,,,,BTN,F,2,AHY
,,,0,0,1,1,0,0,0,0,0,,,,,,,,,,,BTN,F,2,AHY
,,,0,0,1,0,0,0,0,0,0,,,,,,,,,,,BTN,F,2,AHY
,,,0,0,1,0,0,0,0,0,0,,,,,,,,,,,BTN,F,2,AHY
,,,0,0,1,0,0,0,0,0,0,,,,,,,,,,,BTN,F,2,AHY
,,,0,0,1,0,0,0,0,0,0,,,,,,,,,,,BTN,F,2,AHY
,,,0,0,1,0,0,0,0,0,0,,,,,,,,,,,BTN,M,1,AHY
,,,0,0,1,0,0,0,0,0,0,,,,,,,,,,,BTN,F,2,AHY
,,,0,0,1,0,0,0,0,0,0,,,,,,,,,,,BTN,F,2,AHY
,,,0,0,1,0,0,0,0,0,0,,,,,,,,,,,BTN,M,1,AHY
,,,0,0,1,0,0,0,0,0,0,,,,,,,,,,,BTN,M,1,AHY
,,,0,0,1,1,0,0,0,0,0,,,,,,,,,,,BTN,M,1,AHY
,,,0,0,1,0,0,0,0,0,0,,,,,,,,,,,BTN,M,1,AHY
,,,0,0,1,1,0,0,0,0,0,,,,,,,,,,,BTN,M,1,AHY
,,,0,0,1,1,0,0,0,0,0,,,,,,,,,,,BTN,M,1,AHY
,,,0,0,1,0,0,0,0,0,0,,,,,,,,,,,BTN,M,1,AHY
,,,0,0,1,1,0,0,0,0,0,,,,,,,,,,,BTN,M,1,AHY
,,,0,0,1,1,0,0,0,0,0,,,,,,,,,,,BTN,F,2,AHY
,,,0,0,1,0,0,0,0,0,0,,,,,,,,,,,BTN,F,2,AHY
,,,0,0,1,0,0,0,0,0,0,,,,,,,,,,,BTN,F,2,AHY
,,,0,0,1,0,0,0,0,0,0,,,,,,,,,,,BTN,F,2,AHY
,,,0,0,1,0,0,0,0,0,0,,,,,,,,,,,BTN,F,2,AHY
,,,0,0,1,0,0,0,0,0,0,,,,,,,,,,,BTN,F,2,AHY
,,,0,0,1,0,0,0,0,0,0,,,,,,,,,,,BTN,F,2,AHY
,,,0,0,1,0,0,0,0,0,0,,,,,,,,,,,BTN,F,2,AHY
,,,0,0,1,0,0,0,0,0,0,,,,,,,,,,,BTN,F,2,AHY
,,,0,0,1,0,0,0,0,0,0,,,,,,,,,,,BTN,F,2,AHY
,,,0,0,1,0,0,0,0,0,0,,,,,,,,,,,BTN,M,1,AHY
,,,0,0,1,0,0,0,0,0,0,,,,,,,,,,,BTN,F,2,AHY
,,,0,0,1,1,0,0,0,0,0,,,,,,,,,,,BTN,M,1,AHY
,,,0,0,1,0,0,0,0,0,0,,,,,,,,,,,BTN,F,2,AHY
,,,0,0,1,1,0,0,0,0,0,,,,,,,,,,,BTN,M,1,AHY
,,,0,0,1,0,0,0,0,0,0,,,,,,,,,,,BTN,M,1,AHY
,,,0,0,1,0,0,0,0,0,0,,,,,,,,,,,BTN,M,1,AHY
,,,0,0,1,1,0,0,0,0,0,,,,,,,,,,,BTN,M,1,AHY
,,,0,0,1,0,0,0,0,0,0,,,,,,,,,,,BTN,F,2,AHY
,,,0,0,1,0,0,0,0,0,0,,,,,,,,,,,BTN,F,2,AHY
,,,0,0,1,0,0,0,0,0,0,,,,,,,,,,,BTN,M,1,AHY
,,,0,0,1,0,0,0,0,0,0,,,,,,,,,,,BTN,M,1,AHY
,,,0,0,1,0,0,0,0,0,0,,,,,,,,,,,BTN,M,1,AHY
,,,0,0,1,0,0,0,0,0,0,,,,,,,,,,,BTN,F,2,AHY
,,,0,0,1,0,0,0,0,0,0,,,,,,,,,,,BTN,F,2,AHY
,,,0,0,1,1,0,0,0,0,0,,,,,,,,,,,BTN,M,1,AHY
,,,0,0,1,0,0,0,0,0,0,,,,,,,,,,,BTN,F,2,AHY
,,,0,0,0,0,1,0,0,0,0,,,,,,,,,,,BTN,M,1,AHY
,,,0,0,0,0,1,0,0,0,0,,,,,,,,,,,BTN,M,1,AHY
,,,0,0,0,0,1,0,0,0,0,,,,,,,,,,,BTN,M,1,AHY
,,,0,0,0,0,1,0,1,0,0,,,,,,,,,,,BTN,M,1,AHY
,,,0,0,0,0,1,0,0,0,0,,,,,,,,,,,BTN,M,1,AHY
,,,0,0,0,0,1,0,0,0,0,,,,,,,,,,,BTN,M,1,AHY
,,,0,0,0,0,1,0,0,0,0,,,,,,,,,,,BTN,M,1,AHY
,,,0,0,0,0,1,0,0,0,0,,,,,,,,,,,BTN,F,2,AHY
,,,0,0,0,0,1,0,0,0,0,,,,,,,,,,,BTN,M,1,AHY
,,,0,0,0,0,0,1,0,0,0,,,,,,,,,,,BTN,F,2,AHY
,,,0,0,0,0,0,1,1,0,0,,,,,,,,,,,BTN,M,1,AHY
,,,0,0,0,0,0,1,0,0,0,,,,,,,,,,,BTN,M,1,AHY
,,,0,0,0,0,0,1,0,0,0,,,,,,,,,,,BTN,M,1,AHY
,,,0,0,0,0,0,1,0,0,0,,,,,,,,,,,BTN,M,1,AHY
,,,0,0,0,0,0,1,0,0,0,,,,,,,,,,,BTN,F,2,AHY
,,,0,0,0,0,0,1,0,0,0,,,,,,,,,,,BTN,M,1,AHY
,,,0,0,0,0,0,0,1,0,0,,,,,,,,,,,BTN,M,1,AHY
,,,0,0,0,0,0,0,1,0,0,,,,,,,,,,,BTN,M,1,AHY
,,,0,0,0,0,0,0,1,0,0,,,,,,,,,,,BTN,M,1,AHY
,,,0,0,0,0,0,0,1,0,0,,,,,,,,,,,BTN,M,1,AHY
,,,0,0,0,0,0,0,1,0,0,,,,,,,,,,,BTN,M,1,AHY
,,,0,0,0,0,0,0,1,0,0,,,,,,,,,,,BTN,M,1,AHY
,,,0,0,0,0,0,0,1,0,0,,,,,,,,,,,BTN,M,1,AHY
,,,0,0,0,0,0,0,1,0,0,,,,,,,,,,,BTN,M,1,AHY
,,,0,0,0,0,0,0,1,0,0,,,,,,,,,,,BTN,M,1,AHY
,,,0,0,0,0,0,0,1,1,0,,,,,,,,,,,BTN,M,1,AHY
,,,0,0,0,0,0,0,1,0,0,,,,,,,,,,,BTN,M,1,AHY
,,,0,0,0,0,0,0,1,0,0,,,,,,,,,,,BTN,M,1,AHY
,,,0,0,0,0,0,0,0,1,0,,,,,,,,,,,BTN,F,2,AHY
,,,0,0,0,0,0,0,0,1,0,,,,,,,,,,,BTN,M,1,AHY
,,,0,0,0,0,0,0,0,1,0,,,,,,,,,,,BTN,M,1,AHY
,,,0,0,0,0,0,0,0,1,0,,,,,,,,,,,BTN,M,1,AHY
,,,0,0,0,0,0,0,0,1,0,,,,,,,,,,,BTN,M,1,AHY
,,,0,0,0,0,0,0,0,1,0,,,,,,,,,,,BTN,M,1,AHY
,,,0,0,0,0,0,0,0,1,0,,,,,,,,,,,BTN,M,1,AHY
,,,0,0,0,0,0,0,0,1,0,,,,,,,,,,,BTN,M,1,AHY
,,,0,0,0,0,0,0,0,1,0,,,,,,,,,,,BTN,M,1,AHY
,,,0,0,0,0,0,0,0,1,0,,,,,,,,,,,BTN,M,1,AHY
,,,0,0,0,0,0,0,0,1,0,,,,,,,,,,,BTN,F,2,AHY
,,,0,0,0,0,0,0,0,1,0,,,,,,,,,,,BTN,M,1,AHY
,,,0,0,0,0,0,0,0,1,0,,,,,,,,,,,BTN,M,1,AHY
,,,0,0,0,0,0,0,0,1,0,,,,,,,,,,,BTN,M,1,AHY
,,,0,0,0,0,0,0,0,1,0,,,,,,,,,,,BTN,F,2,AHY
,,,0,0,0,0,0,0,0,1,0,,,,,,,,,,,BTN,M,1,AHY
,,,0,0,0,0,0,0,0,1,0,,,,,,,,,,,BTN,F,2,AHY
,,,0,0,0,0,0,0,0,1,0,,,,,,,,,,,BTN,M,1,AHY
,,,0,0,0,0,0,0,0,1,0,,,,,,,,,,,BTN,M,1,AHY
,,,0,0,0,0,0,0,0,1,0,,,,,,,,,,,BTN,M,1,AHY
,,,0,0,0,0,0,0,0,1,0,,,,,,,,,,,BTN,M,1,AHY
,,,0,0,0,0,0,0,0,1,0,,,,,,,,,,,BTN,F,2,AHY
,,,0,0,0,0,0,0,0,1,0,,,,,,,,,,,BTN,M,1,AHY
,,,0,0,0,0,0,0,0,1,0,,,,,,,,,,,BTN,M,1,AHY
,,,0,0,0,0,0,0,0,1,0,,,,,,,,,,,BTN,M,1,AHY
,,,0,0,0,0,0,0,0,1,0,,,,,,,,,,,BTN,F,2,AHY
,,,0,0,0,0,0,0,0,0,1,,,,,,,,,,,BTN,M,1,AHY
,,,0,0,0,0,0,0,0,0,1,,,,,,,,,,,BTN,F,2,AHY
,,,0,0,0,0,0,0,0,0,1,,,,,,,,,,,BTN,M,1,AHY
,,,0,0,0,0,0,0,0,0,1,,,,,,,,,,,BTN,M,1,AHY
,,,0,0,0,0,0,0,0,0,1,,,,,,,,,,,BTN,M,1,AHY
,,,0,0,0,0,0,0,0,0,1,,,,,,,,,,,BTN,M,1,AHY
,,,0,0,0,0,0,0,0,0,1,,,,,,,,,,,BTN,M,1,AHY
,,,0,0,0,0,0,0,0,0,1,,,,,,,,,,,BTN,F,2,AHY
,,,0,0,0,0,0,0,0,0,1,,,,,,,,,,,BTN,M,1,AHY
,,,0,0,0,0,0,0,0,0,1,,,,,,,,,,,BTN,F,2,AHY
,,,0,0,0,0,0,0,0,0,1,,,,,,,,,,,BTN,M,1,AHY
,,,0,0,0,0,0,0,0,0,1,,,,,,,,,,,BTN,F,2,AHY
,,,0,0,0,0,0,0,0,0,1,,,,,,,,,,,BTN,M,1,AHY
,,,0,0,0,0,0,0,0,0,1,,,,,,,,,,,BTN,M,1,AHY
,,,0,0,1,0,0,0,0,0,0,,,,,,,,,,,BTN,M,1,SY
,,,0,0,1,0,0,0,0,0,0,,,,,,,,,,,BTN,M,1,SY
,,,0,0,1,1,0,0,0,0,0,,,,,,,,,,,BTN,F,2,SY
,,,0,0,0,0,1,0,1,0,0,,,,,,,,,,,BTN,M,1,ASY
,,,0,0,1,1,0,0,0,0,0,,,,,,,,,,,BTN,M,1,SY
,,,0,0,0,1,0,0,0,0,0,,,,,,,,,,,BTN,M,1,SY
,,,0,0,0,0,1,0,0,0,0,,,,,,,,,,,BTN,F,2,ASY
,,,0,0,0,0,0,0,0,1,0,,,,,,,,,,,BTN,M,1,ASY
,,,0,0,0,1,0,0,0,0,0,,,,,,,,,,,BTN,M,1,SY
,,,0,0,0,0,1,0,0,0,0,,,,,,,,,,,BTN,M,1,ASY
,,,0,0,0,0,0,0,0,1,0,,,,,,,,,,,BTN,U,U,ASY
,,,0,0,0,0,0,0,0,0,1,,,,,,,,,,,BTN,M,1,SY
,,,0,0,0,0,0,0,0,0,1,,,,,,,,,,,BTN,M,1,SY
,,,0,0,0,0,0,0,0,0,1,,,,,,,,,,,BTN,F,2,SY
,,,0,0,0,0,0,0,0,0,1,,,,,,,,,,,BTN,M,1,SY
,,,0,0,0,0,0,0,0,0,1,,,,,,,,,,,BTN,F,2,SY
,,,0,0,0,0,0,0,0,0,1,,,,,,,,,,,BTN,M,1,SY
,,,0,0,0,0,0,0,0,0,1,,,,,,,,,,,BTN,M,1,SY
,,,0,0,0,0,0,0,0,0,1,,,,,,,,,,,BTN,M,1,SY
